-- phpMyAdmin SQL Dump
-- version 4.3.11
-- http://www.phpmyadmin.net
--
-- Host: 127.0.0.1
-- Generation Time: Sep 21, 2017 at 10:08 AM
-- Server version: 5.6.24
-- PHP Version: 5.6.8

SET SQL_MODE = "NO_AUTO_VALUE_ON_ZERO";
SET time_zone = "+00:00";


/*!40101 SET @OLD_CHARACTER_SET_CLIENT=@@CHARACTER_SET_CLIENT */;
/*!40101 SET @OLD_CHARACTER_SET_RESULTS=@@CHARACTER_SET_RESULTS */;
/*!40101 SET @OLD_COLLATION_CONNECTION=@@COLLATION_CONNECTION */;
/*!40101 SET NAMES utf8 */;

--
-- Database: `capstone`
--

-- --------------------------------------------------------

--
-- Table structure for table `about`
--

CREATE TABLE IF NOT EXISTS `about` (
  `aboutID` int(5) NOT NULL,
  `Address` varchar(30) NOT NULL,
  `bio` text NOT NULL,
  `phone` varchar(30) NOT NULL,
  `title` varchar(30) NOT NULL,
  `hours` varchar(100) NOT NULL
) ENGINE=InnoDB DEFAULT CHARSET=latin1;

--
-- Dumping data for table `about`
--

INSERT INTO `about` (`aboutID`, `Address`, `bio`, `phone`, `title`, `hours`) VALUES
(1, '273 Main St. Oxford, MA 05140', '', '(508)987-7172', '', 'Sun-Thurs: 11am-10pm & Fri-Sat: 11am-Midnight');

-- --------------------------------------------------------

--
-- Table structure for table `admin`
--

CREATE TABLE IF NOT EXISTS `admin` (
  `adminID` int(5) NOT NULL,
  `userName` varchar(30) NOT NULL,
  `password` varchar(120) NOT NULL
) ENGINE=InnoDB DEFAULT CHARSET=latin1;

--
-- Dumping data for table `admin`
--

INSERT INTO `admin` (`adminID`, `userName`, `password`) VALUES
(1, 'Nojo', 'warpraft'),
(2, 'nojo', 'nojo');

-- --------------------------------------------------------

--
-- Table structure for table `categories`
--

CREATE TABLE IF NOT EXISTS `categories` (
  `catID` int(5) NOT NULL,
  `catName` varchar(30) NOT NULL,
  `catNiceName` varchar(30) NOT NULL,
  `catDesc` text NOT NULL
) ENGINE=InnoDB DEFAULT CHARSET=latin1;

--
-- Dumping data for table `categories`
--

INSERT INTO `categories` (`catID`, `catName`, `catNiceName`, `catDesc`) VALUES
(1, 'gourmetPizzas', 'Gourmet Pizzas', ''),
(2, 'pizzasAndCalzones', 'Pizzas/Calzones', 'Any pizza can be made into a calzone'),
(3, 'wrapsAndGyros', 'Wraps and Gyros', 'All grinders can also be made as wraps\r\nAdd hand cut fries or onion rings for $1.00 more'),
(4, 'specialtyGrinders', 'Specialty Grinders', ''),
(5, 'grindersOne', 'GrindersOne', 'All grinders and wraps are toasted unless specified.\r\nAlso available as wraps. Subs below served with provolone\r\n cheese, onions, peppers, lettuce, tomatoes and\r\n our homemade Italian dressing.'),
(6, 'parmesanStyle', 'Parmesan Style', 'Sauce and provolone cheese.\r\nMay add grilled veggies for 25cents sm and 35cents lg\r\n (green peppers, onions and mushroom)'),
(7, 'steakAndPastrami', 'Steak and Pastrami', 'May add grilled veggies for 25cents sm and 35cents lg \r\n(green peppers, onions and mushroom)'),
(8, 'grindersTwo', 'GrindersTwo', 'Subs below served with provolone cheese,\r\nmayo, lettuce, tomatoes and onions'),
(9, 'kidsMenu', 'Kids Menu', ''),
(10, 'pasta', 'Pasta, Spaghetti Or Ziti', 'All pasta served with garlic bread.\r\nBake any pasta with mozzarella cheese add $1.00'),
(11, 'seafood', 'Seafood Delights', 'All seafood served with your choice of handcut fries\r\nor onion rings, coleslaw and tartar sauce'),
(12, 'dinners', 'Dinners and Plates', 'All dinners below served with french fries or onion rings'),
(13, 'appetizers', 'Appetizers', ''),
(14, 'salads', 'Salads', ''),
(15, 'party', 'Party', 'Please order 24 hours in advance. Half feeds 10-12 people. Full feeds 20-25 people.'),
(16, 'desserts', 'Desserts', ''),
(17, 'drinks', 'Drinks', ''),
(18, 'specials', 'Specials', ''),
(19, 'grindersThree', 'GrindersThree', 'All subs below made as described - substitutions available');

-- --------------------------------------------------------

--
-- Table structure for table `customers`
--

CREATE TABLE IF NOT EXISTS `customers` (
  `custID` int(5) NOT NULL,
  `custFName` varchar(30) NOT NULL,
  `custLName` varchar(30) NOT NULL,
  `custAddress` varchar(30) NOT NULL,
  `custTown` varchar(30) NOT NULL,
  `custState` varchar(30) NOT NULL,
  `custPhone` varchar(30) NOT NULL,
  `custZIp` varchar(30) NOT NULL,
  `custNotes` text NOT NULL
) ENGINE=InnoDB AUTO_INCREMENT=5 DEFAULT CHARSET=latin1;

--
-- Dumping data for table `customers`
--

INSERT INTO `customers` (`custID`, `custFName`, `custLName`, `custAddress`, `custTown`, `custState`, `custPhone`, `custZIp`, `custNotes`) VALUES
(1, 'Noah', 'Mailloux', '348 Providence Pike', 'Putnam', 'Connecticut', '8606347437', '06260', 'This one has notes!!!'),
(2, 'Noah', 'Mailloux', '348 Providence Pike', 'Putnam', 'Connecticut', '8606347437', '06260', 'notes!!'),
(3, 'Noah', 'Mailloux', '348 Providence Pike', 'Putnam', 'Connecticut', '8606347437', '06260', 'notes2!!'),
(4, 'Noah', 'Mailloux', '348 Providence Pike', 'Putnam', 'Connecticut', '8606347437', '06260', 'so many notes!!');

-- --------------------------------------------------------

--
-- Table structure for table `defaultingredients`
--

CREATE TABLE IF NOT EXISTS `defaultingredients` (
  `itemID` int(5) NOT NULL,
  `ingID` int(5) NOT NULL,
  `defaultFlag` tinyint(1) NOT NULL,
  `ingCat` int(5) NOT NULL
) ENGINE=InnoDB DEFAULT CHARSET=latin1;

--
-- Dumping data for table `defaultingredients`
--

INSERT INTO `defaultingredients` (`itemID`, `ingID`, `defaultFlag`, `ingCat`) VALUES
(1, 63, 1, 1),
(1, 25, 0, 1),
(1, 20, 0, 1),
(1, 56, 0, 1),
(1, 68, 0, 1),
(1, 2, 0, 1),
(1, 71, 0, 1),
(1, 88, 1, 3),
(1, 22, 0, 3),
(1, 7, 1, 3),
(1, 28, 1, 3),
(1, 66, 0, 3),
(1, 78, 0, 3),
(1, 60, 0, 3),
(1, 57, 0, 3),
(1, 62, 0, 3),
(1, 34, 0, 3),
(1, 10, 0, 3),
(1, 35, 0, 2),
(1, 5, 0, 2),
(1, 64, 0, 2),
(1, 37, 0, 2),
(1, 38, 0, 2),
(1, 74, 0, 2),
(1, 79, 0, 2),
(1, 55, 0, 2),
(1, 32, 0, 4),
(1, 70, 0, 4),
(1, 9, 0, 4),
(1, 69, 0, 4),
(1, 4, 0, 4),
(2, 63, 1, 1),
(2, 25, 0, 1),
(2, 20, 0, 1),
(2, 56, 0, 1),
(2, 68, 0, 1),
(2, 2, 0, 1),
(2, 71, 0, 1),
(2, 88, 1, 3),
(2, 22, 0, 3),
(2, 7, 1, 3),
(2, 28, 1, 3),
(2, 66, 0, 3),
(2, 78, 0, 3),
(2, 60, 0, 3),
(2, 57, 0, 3),
(2, 62, 0, 3),
(2, 34, 0, 3),
(2, 10, 0, 3),
(2, 35, 0, 2),
(2, 5, 0, 2),
(2, 64, 0, 2),
(2, 37, 0, 2),
(2, 38, 0, 2),
(2, 74, 0, 2),
(2, 79, 0, 2),
(2, 55, 0, 2),
(2, 32, 0, 4),
(2, 70, 0, 4),
(2, 9, 0, 4),
(2, 69, 0, 4),
(2, 4, 0, 4),
(3, 15, 0, 3),
(3, 63, 0, 1),
(3, 25, 0, 1),
(3, 20, 0, 1),
(3, 56, 0, 1),
(3, 68, 1, 1),
(3, 2, 0, 1),
(3, 71, 0, 1),
(3, 88, 0, 3),
(3, 22, 0, 3),
(3, 7, 0, 3),
(3, 28, 0, 3),
(3, 78, 0, 3),
(3, 60, 0, 3),
(3, 57, 0, 3),
(3, 62, 0, 3),
(3, 34, 0, 3),
(3, 10, 0, 3),
(3, 35, 0, 2),
(3, 5, 0, 2),
(3, 64, 0, 2),
(3, 37, 1, 2),
(3, 38, 0, 2),
(3, 74, 0, 2),
(3, 79, 0, 2),
(3, 55, 0, 2),
(3, 32, 0, 4),
(3, 70, 0, 4),
(3, 9, 0, 4),
(3, 69, 0, 4),
(3, 4, 0, 4),
(4, 15, 0, 3),
(4, 63, 0, 1),
(4, 25, 0, 1),
(4, 20, 0, 1),
(4, 56, 0, 1),
(4, 68, 1, 1),
(4, 2, 0, 1),
(4, 71, 0, 1),
(4, 88, 0, 3),
(4, 22, 0, 3),
(4, 7, 0, 3),
(4, 28, 0, 3),
(4, 78, 0, 3),
(4, 60, 0, 3),
(4, 57, 0, 3),
(4, 62, 0, 3),
(4, 34, 0, 3),
(4, 10, 0, 3),
(4, 35, 0, 2),
(4, 5, 0, 2),
(4, 64, 0, 2),
(4, 37, 1, 2),
(4, 38, 0, 2),
(4, 74, 0, 2),
(4, 79, 0, 2),
(4, 55, 0, 2),
(4, 32, 0, 4),
(4, 70, 0, 4),
(4, 9, 0, 4),
(4, 69, 0, 4),
(4, 4, 0, 4),
(5, 63, 0, 1),
(5, 25, 1, 1),
(5, 20, 0, 1),
(5, 56, 0, 1),
(5, 68, 0, 1),
(5, 2, 0, 1),
(5, 71, 0, 1),
(5, 88, 1, 3),
(5, 22, 0, 3),
(5, 7, 0, 3),
(5, 28, 0, 3),
(5, 66, 0, 3),
(5, 78, 1, 3),
(5, 60, 1, 3),
(5, 57, 0, 3),
(5, 62, 0, 3),
(5, 34, 0, 3),
(5, 10, 0, 3),
(5, 35, 0, 2),
(5, 5, 0, 2),
(5, 64, 0, 2),
(5, 37, 0, 2),
(5, 38, 0, 2),
(5, 74, 0, 2),
(5, 79, 0, 2),
(5, 55, 0, 2),
(5, 32, 0, 4),
(5, 70, 0, 4),
(5, 9, 0, 4),
(5, 69, 0, 4),
(5, 4, 0, 4),
(6, 63, 0, 1),
(6, 25, 1, 1),
(6, 20, 0, 1),
(6, 56, 0, 1),
(6, 68, 0, 1),
(6, 2, 0, 1),
(6, 71, 0, 1),
(6, 88, 1, 3),
(6, 22, 0, 3),
(6, 7, 0, 3),
(6, 28, 0, 3),
(6, 66, 0, 3),
(6, 78, 1, 3),
(6, 60, 1, 3),
(6, 57, 0, 3),
(6, 62, 0, 3),
(6, 34, 0, 3),
(6, 10, 0, 3),
(6, 35, 0, 2),
(6, 5, 0, 2),
(6, 64, 0, 2),
(6, 37, 0, 2),
(6, 38, 0, 2),
(6, 74, 0, 2),
(6, 79, 0, 2),
(6, 55, 0, 2),
(6, 32, 0, 4),
(6, 70, 0, 4),
(6, 9, 0, 4),
(6, 69, 0, 4),
(6, 4, 0, 4),
(7, 63, 0, 1),
(7, 25, 0, 1),
(7, 20, 0, 1),
(7, 56, 0, 1),
(7, 68, 0, 1),
(7, 2, 0, 1),
(7, 71, 0, 1),
(7, 88, 0, 3),
(7, 22, 0, 3),
(7, 7, 0, 3),
(7, 28, 0, 3),
(7, 66, 0, 3),
(7, 78, 0, 3),
(7, 60, 0, 3),
(7, 57, 0, 3),
(7, 62, 0, 3),
(7, 34, 0, 3),
(7, 10, 0, 3),
(7, 35, 0, 2),
(7, 5, 1, 2),
(7, 64, 1, 2),
(7, 37, 1, 2),
(7, 38, 1, 2),
(7, 74, 1, 2),
(7, 79, 0, 2),
(7, 55, 0, 2),
(7, 32, 0, 4),
(7, 70, 0, 4),
(7, 9, 0, 4),
(7, 69, 0, 4),
(7, 4, 0, 4),
(8, 63, 0, 1),
(8, 25, 0, 1),
(8, 20, 0, 1),
(8, 56, 0, 1),
(8, 68, 0, 1),
(8, 2, 0, 1),
(8, 71, 0, 1),
(8, 88, 0, 3),
(8, 22, 0, 3),
(8, 7, 0, 3),
(8, 28, 0, 3),
(8, 66, 0, 3),
(8, 78, 0, 3),
(8, 60, 0, 3),
(8, 57, 0, 3),
(8, 62, 0, 3),
(8, 34, 0, 3),
(8, 10, 0, 3),
(8, 35, 0, 2),
(8, 5, 1, 2),
(8, 64, 1, 2),
(8, 37, 1, 2),
(8, 38, 1, 2),
(8, 74, 1, 2),
(8, 79, 0, 2),
(8, 55, 0, 2),
(8, 32, 0, 4),
(8, 70, 0, 4),
(8, 9, 0, 4),
(8, 69, 0, 4),
(8, 4, 0, 4),
(9, 11, 1, 4),
(9, 63, 0, 1),
(9, 25, 0, 1),
(9, 20, 0, 1),
(9, 56, 0, 1),
(9, 68, 0, 1),
(9, 2, 0, 1),
(9, 71, 0, 1),
(9, 88, 0, 3),
(9, 22, 0, 3),
(9, 7, 0, 3),
(9, 28, 0, 3),
(9, 66, 0, 3),
(9, 78, 0, 3),
(9, 60, 0, 3),
(9, 57, 0, 3),
(9, 62, 0, 3),
(9, 34, 0, 3),
(9, 10, 0, 3),
(9, 35, 0, 2),
(9, 5, 0, 2),
(9, 64, 0, 2),
(9, 37, 0, 2),
(9, 38, 0, 2),
(9, 74, 0, 2),
(9, 79, 0, 2),
(9, 55, 0, 2),
(9, 32, 0, 4),
(9, 70, 1, 4),
(9, 9, 0, 4),
(9, 69, 0, 4),
(9, 4, 0, 4),
(10, 11, 1, 4),
(10, 63, 0, 1),
(10, 25, 0, 1),
(10, 20, 0, 1),
(10, 56, 0, 1),
(10, 68, 0, 1),
(10, 2, 0, 1),
(10, 71, 0, 1),
(10, 88, 0, 3),
(10, 22, 0, 3),
(10, 7, 0, 3),
(10, 28, 0, 3),
(10, 66, 0, 3),
(10, 78, 0, 3),
(10, 60, 0, 3),
(10, 57, 0, 3),
(10, 62, 0, 3),
(10, 34, 0, 3),
(10, 10, 0, 3),
(10, 35, 0, 2),
(10, 5, 0, 2),
(10, 64, 0, 2),
(10, 37, 0, 2),
(10, 38, 0, 2),
(10, 74, 0, 2),
(10, 79, 0, 2),
(10, 55, 0, 2),
(10, 32, 0, 4),
(10, 70, 1, 4),
(10, 9, 0, 4),
(10, 69, 0, 4),
(10, 4, 0, 4),
(11, 63, 0, 1),
(11, 25, 0, 1),
(11, 20, 0, 1),
(11, 56, 0, 1),
(11, 68, 0, 1),
(11, 2, 0, 1),
(11, 71, 0, 1),
(11, 88, 0, 3),
(11, 22, 0, 3),
(11, 7, 0, 3),
(11, 28, 0, 3),
(11, 66, 0, 3),
(11, 78, 0, 3),
(11, 60, 0, 3),
(11, 57, 0, 3),
(11, 62, 0, 3),
(11, 34, 0, 3),
(11, 10, 0, 3),
(11, 35, 1, 2),
(11, 5, 0, 2),
(11, 64, 0, 2),
(11, 37, 0, 2),
(11, 38, 0, 2),
(11, 74, 0, 2),
(11, 79, 0, 2),
(11, 55, 0, 2),
(11, 32, 0, 4),
(11, 70, 0, 4),
(11, 9, 0, 4),
(11, 69, 0, 4),
(11, 4, 1, 4),
(12, 63, 0, 1),
(12, 25, 0, 1),
(12, 20, 0, 1),
(12, 56, 0, 1),
(12, 68, 0, 1),
(12, 2, 0, 1),
(12, 71, 0, 1),
(12, 88, 0, 3),
(12, 22, 0, 3),
(12, 7, 0, 3),
(12, 28, 0, 3),
(12, 66, 0, 3),
(12, 78, 0, 3),
(12, 60, 0, 3),
(12, 57, 0, 3),
(12, 62, 0, 3),
(12, 34, 0, 3),
(12, 10, 0, 3),
(12, 35, 0, 2),
(12, 5, 0, 2),
(12, 64, 0, 2),
(12, 37, 0, 2),
(12, 38, 0, 2),
(12, 74, 0, 2),
(12, 79, 0, 2),
(12, 55, 0, 2),
(12, 32, 0, 4),
(12, 70, 0, 4),
(12, 9, 0, 4),
(12, 69, 0, 4),
(12, 4, 0, 4),
(13, 73, 0, 3),
(13, 85, 1, 2),
(13, 59, 1, 3),
(13, 77, 1, 3),
(13, 51, 1, 3),
(13, 92, 1, 4),
(13, 63, 0, 1),
(13, 25, 0, 1),
(13, 20, 0, 1),
(13, 56, 0, 1),
(13, 68, 0, 1),
(13, 2, 0, 1),
(13, 71, 0, 1),
(13, 88, 1, 3),
(13, 22, 0, 3),
(13, 7, 0, 3),
(13, 28, 0, 3),
(13, 66, 0, 3),
(13, 78, 0, 3),
(13, 60, 1, 3),
(13, 57, 0, 3),
(13, 62, 0, 3),
(13, 34, 0, 3),
(13, 10, 0, 3),
(13, 35, 0, 2),
(13, 5, 0, 2),
(13, 64, 0, 2),
(13, 37, 0, 2),
(13, 38, 0, 2),
(13, 74, 0, 2),
(13, 79, 0, 2),
(13, 55, 0, 2),
(13, 32, 0, 4),
(13, 70, 0, 4),
(13, 9, 0, 4),
(13, 69, 0, 4),
(13, 4, 0, 4),
(14, 73, 0, 3),
(14, 85, 1, 2),
(14, 59, 1, 3),
(14, 77, 1, 3),
(14, 51, 1, 3),
(14, 92, 1, 4),
(14, 63, 0, 1),
(14, 25, 0, 1),
(14, 20, 0, 1),
(14, 56, 0, 1),
(14, 68, 0, 1),
(14, 2, 0, 1),
(14, 71, 0, 1),
(14, 88, 1, 3),
(14, 22, 0, 3),
(14, 7, 0, 3),
(14, 28, 0, 3),
(14, 66, 0, 3),
(14, 78, 0, 3),
(14, 60, 1, 3),
(14, 57, 0, 3),
(14, 62, 0, 3),
(14, 34, 0, 3),
(14, 10, 0, 3),
(14, 35, 0, 2),
(14, 5, 0, 2),
(14, 64, 0, 2),
(14, 37, 0, 2),
(14, 38, 0, 2),
(14, 74, 0, 2),
(14, 79, 0, 2),
(14, 55, 0, 2),
(14, 32, 0, 4),
(14, 70, 0, 4),
(14, 9, 0, 4),
(14, 69, 0, 4),
(14, 4, 0, 4),
(15, 63, 0, 1),
(15, 25, 0, 1),
(15, 20, 0, 1),
(15, 56, 0, 1),
(15, 68, 0, 1),
(15, 2, 0, 1),
(15, 71, 0, 1),
(15, 88, 1, 3),
(15, 22, 0, 3),
(15, 7, 0, 3),
(15, 28, 0, 3),
(15, 66, 0, 3),
(15, 78, 0, 3),
(15, 60, 0, 3),
(15, 57, 1, 3),
(15, 62, 1, 3),
(15, 34, 1, 3),
(15, 10, 1, 3),
(15, 35, 0, 2),
(15, 5, 0, 2),
(15, 64, 0, 2),
(15, 37, 0, 2),
(15, 38, 0, 2),
(15, 74, 0, 2),
(15, 79, 0, 2),
(15, 55, 0, 2),
(15, 32, 0, 4),
(15, 70, 0, 4),
(15, 9, 0, 4),
(15, 69, 0, 4),
(15, 4, 0, 4),
(16, 63, 0, 1),
(16, 25, 0, 1),
(16, 20, 0, 1),
(16, 56, 0, 1),
(16, 68, 0, 1),
(16, 2, 0, 1),
(16, 71, 0, 1),
(16, 88, 1, 3),
(16, 22, 0, 3),
(16, 7, 0, 3),
(16, 28, 0, 3),
(16, 66, 0, 3),
(16, 78, 0, 3),
(16, 60, 0, 3),
(16, 57, 1, 3),
(16, 62, 1, 3),
(16, 34, 1, 3),
(16, 10, 1, 3),
(16, 35, 0, 2),
(16, 5, 0, 2),
(16, 64, 0, 2),
(16, 37, 0, 2),
(16, 38, 0, 2),
(16, 74, 0, 2),
(16, 79, 0, 2),
(16, 55, 0, 2),
(16, 32, 0, 4),
(16, 70, 0, 4),
(16, 9, 0, 4),
(16, 69, 0, 4),
(16, 4, 0, 4),
(17, 63, 0, 1),
(17, 25, 0, 1),
(17, 20, 0, 1),
(17, 56, 0, 1),
(17, 68, 0, 1),
(17, 2, 0, 1),
(17, 71, 0, 1),
(17, 88, 0, 3),
(17, 22, 1, 3),
(17, 7, 0, 3),
(17, 28, 0, 3),
(17, 66, 0, 3),
(17, 78, 0, 3),
(17, 60, 0, 3),
(17, 57, 0, 3),
(17, 62, 0, 3),
(17, 34, 0, 3),
(17, 10, 0, 3),
(17, 35, 0, 2),
(17, 5, 0, 2),
(17, 64, 0, 2),
(17, 37, 0, 2),
(17, 38, 1, 2),
(17, 74, 0, 2),
(17, 79, 0, 2),
(17, 55, 0, 2),
(17, 32, 0, 4),
(17, 70, 1, 4),
(17, 9, 0, 4),
(18, 63, 0, 1),
(18, 25, 0, 1),
(18, 20, 0, 1),
(18, 56, 0, 1),
(18, 68, 0, 1),
(18, 2, 0, 1),
(18, 71, 0, 1),
(18, 88, 0, 3),
(18, 22, 1, 3),
(18, 7, 0, 3),
(18, 28, 0, 3),
(18, 66, 0, 3),
(18, 78, 0, 3),
(18, 60, 0, 3),
(18, 57, 0, 3),
(18, 62, 0, 3),
(18, 34, 0, 3),
(18, 10, 0, 3),
(18, 35, 0, 2),
(18, 5, 0, 2),
(18, 64, 0, 2),
(18, 37, 0, 2),
(18, 38, 1, 2),
(18, 74, 0, 2),
(18, 79, 0, 2),
(18, 55, 0, 2),
(18, 32, 0, 4),
(18, 70, 1, 4),
(18, 9, 0, 4),
(18, 69, 0, 4),
(18, 4, 0, 4),
(19, 13, 1, 4),
(19, 63, 0, 1),
(19, 25, 0, 1),
(19, 20, 0, 1),
(19, 56, 0, 1),
(19, 68, 0, 1),
(19, 2, 0, 1),
(19, 71, 0, 1),
(19, 88, 1, 3),
(19, 22, 0, 3),
(19, 7, 0, 3),
(19, 28, 0, 3),
(19, 66, 0, 3),
(19, 78, 1, 3),
(19, 60, 0, 3),
(19, 57, 0, 3),
(19, 62, 0, 3),
(19, 34, 0, 3),
(19, 10, 0, 3),
(19, 35, 1, 2),
(19, 5, 0, 2),
(19, 64, 0, 2),
(19, 37, 0, 2),
(19, 38, 0, 2),
(19, 74, 0, 2),
(19, 79, 0, 2),
(19, 55, 0, 2),
(19, 32, 0, 4),
(19, 70, 0, 4),
(19, 9, 0, 4),
(19, 69, 0, 4),
(19, 4, 0, 4),
(20, 13, 1, 4),
(20, 63, 0, 1),
(20, 25, 0, 1),
(20, 20, 0, 1),
(20, 56, 0, 1),
(20, 68, 0, 1),
(20, 2, 0, 1),
(20, 71, 0, 1),
(20, 88, 0, 3),
(20, 22, 0, 3),
(20, 7, 0, 3),
(20, 28, 0, 3),
(20, 66, 0, 3),
(20, 78, 0, 3),
(20, 60, 0, 3),
(20, 57, 0, 3),
(20, 62, 0, 3),
(20, 34, 0, 3),
(20, 10, 0, 3),
(20, 35, 0, 2),
(20, 5, 0, 2),
(20, 64, 0, 2),
(20, 37, 0, 2),
(20, 38, 0, 2),
(20, 74, 0, 2),
(20, 79, 0, 2),
(20, 55, 0, 2),
(20, 32, 0, 4),
(20, 70, 0, 4),
(20, 9, 0, 4),
(20, 69, 0, 4),
(20, 4, 0, 4),
(21, 63, 0, 1),
(21, 25, 1, 1),
(21, 20, 0, 1),
(21, 56, 0, 1),
(21, 68, 0, 1),
(21, 2, 0, 1),
(21, 71, 0, 1),
(21, 88, 1, 3),
(21, 22, 0, 3),
(21, 7, 0, 3),
(21, 28, 0, 3),
(21, 66, 0, 3),
(21, 78, 1, 3),
(21, 60, 0, 3),
(21, 57, 0, 3),
(21, 62, 0, 3),
(21, 34, 0, 3),
(21, 10, 0, 3),
(21, 35, 1, 2),
(21, 5, 0, 2),
(21, 64, 0, 2),
(21, 37, 0, 2),
(21, 38, 0, 2),
(21, 74, 0, 2),
(21, 79, 0, 2),
(21, 55, 0, 2),
(21, 32, 0, 4),
(21, 70, 0, 4),
(21, 9, 0, 4),
(21, 69, 0, 4),
(21, 4, 0, 4),
(22, 63, 0, 1),
(22, 25, 1, 1),
(22, 20, 0, 1),
(22, 56, 0, 1),
(22, 68, 0, 1),
(22, 2, 0, 1),
(22, 71, 0, 1),
(22, 88, 1, 3),
(22, 22, 0, 3),
(22, 7, 0, 3),
(22, 28, 0, 3),
(22, 66, 0, 3),
(22, 78, 1, 3),
(22, 60, 0, 3),
(22, 57, 0, 3),
(22, 62, 0, 3),
(22, 34, 0, 3),
(22, 10, 0, 3),
(22, 35, 1, 2),
(22, 5, 1, 2),
(22, 64, 0, 2),
(22, 37, 0, 2),
(22, 38, 1, 2),
(22, 74, 0, 2),
(22, 79, 0, 2),
(22, 55, 0, 2),
(22, 32, 0, 4),
(22, 70, 0, 4),
(22, 9, 0, 4),
(22, 69, 0, 4),
(22, 4, 0, 4),
(23, 51, 1, 3),
(23, 50, 1, 4),
(23, 63, 0, 1),
(23, 25, 0, 1),
(23, 20, 0, 1),
(23, 56, 0, 1),
(23, 68, 0, 1),
(23, 2, 0, 1),
(23, 71, 0, 1),
(23, 88, 0, 3),
(23, 22, 0, 3),
(23, 7, 0, 3),
(23, 28, 0, 3),
(23, 66, 0, 3),
(23, 78, 0, 3),
(23, 60, 0, 3),
(23, 57, 0, 3),
(23, 62, 0, 3),
(23, 34, 0, 3),
(23, 10, 0, 3),
(23, 35, 0, 2),
(23, 5, 0, 2),
(23, 64, 0, 2),
(23, 37, 0, 2),
(23, 38, 0, 2),
(23, 74, 0, 2),
(23, 79, 0, 2),
(23, 55, 0, 2),
(23, 32, 0, 4),
(23, 70, 0, 4),
(23, 9, 0, 4),
(23, 69, 0, 4),
(23, 4, 0, 4),
(24, 51, 1, 3),
(24, 50, 1, 4),
(24, 63, 0, 1),
(24, 25, 0, 1),
(24, 20, 0, 1),
(24, 56, 0, 1),
(24, 68, 0, 1),
(24, 2, 0, 1),
(24, 71, 0, 1),
(24, 88, 0, 3),
(24, 22, 0, 3),
(24, 7, 0, 3),
(24, 28, 0, 3),
(24, 66, 0, 3),
(24, 78, 0, 3),
(24, 60, 0, 3),
(24, 57, 0, 3),
(24, 62, 0, 3),
(24, 34, 0, 3),
(24, 10, 0, 3),
(24, 35, 0, 2),
(24, 5, 0, 2),
(24, 64, 0, 2),
(24, 37, 0, 2),
(24, 38, 0, 2),
(24, 74, 0, 2),
(24, 79, 0, 2),
(24, 55, 0, 2),
(24, 32, 0, 4),
(24, 70, 0, 4),
(24, 9, 0, 4),
(24, 69, 0, 4),
(24, 4, 0, 4),
(25, 76, 0, 2),
(25, 63, 0, 1),
(25, 25, 0, 1),
(25, 20, 0, 1),
(25, 56, 0, 1),
(25, 68, 0, 1),
(25, 2, 0, 1),
(25, 71, 0, 1),
(25, 88, 0, 3),
(25, 22, 0, 3),
(25, 7, 0, 3),
(25, 28, 0, 3),
(25, 66, 0, 3),
(25, 78, 0, 3),
(25, 60, 0, 3),
(25, 57, 0, 3),
(25, 62, 1, 3),
(25, 34, 1, 3),
(25, 10, 0, 3),
(25, 35, 1, 2),
(25, 5, 0, 2),
(25, 64, 0, 2),
(25, 37, 0, 2),
(25, 38, 0, 2),
(25, 74, 0, 2),
(25, 79, 0, 2),
(25, 55, 0, 2),
(25, 32, 0, 4),
(25, 70, 0, 4),
(25, 9, 0, 4),
(25, 69, 0, 4),
(25, 4, 0, 4),
(26, 76, 0, 2),
(26, 63, 0, 1),
(26, 25, 0, 1),
(26, 20, 0, 1),
(26, 56, 0, 1),
(26, 68, 0, 1),
(26, 2, 0, 1),
(26, 71, 0, 1),
(26, 88, 0, 3),
(26, 22, 0, 3),
(26, 7, 0, 3),
(26, 28, 0, 3),
(26, 66, 0, 3),
(26, 78, 0, 3),
(26, 60, 0, 3),
(26, 57, 0, 3),
(26, 62, 1, 3),
(26, 34, 1, 3),
(26, 10, 0, 3),
(26, 35, 1, 2),
(26, 5, 0, 2),
(26, 64, 0, 2),
(26, 37, 0, 2),
(26, 38, 0, 2),
(26, 74, 0, 2),
(26, 79, 0, 2),
(26, 55, 0, 2),
(26, 32, 0, 4),
(26, 70, 0, 4),
(26, 9, 0, 4),
(26, 69, 0, 4),
(26, 4, 0, 4),
(27, 63, 0, 1),
(27, 25, 0, 1),
(27, 20, 0, 1),
(27, 56, 0, 1),
(27, 68, 0, 1),
(27, 2, 0, 1),
(27, 71, 0, 1),
(27, 88, 0, 3),
(27, 22, 0, 3),
(27, 7, 0, 3),
(27, 28, 0, 3),
(27, 66, 0, 3),
(27, 78, 0, 3),
(27, 60, 0, 3),
(27, 57, 1, 3),
(27, 62, 1, 3),
(27, 34, 1, 3),
(27, 10, 0, 3),
(27, 35, 0, 2),
(27, 5, 0, 2),
(27, 64, 0, 2),
(27, 37, 0, 2),
(27, 38, 0, 2),
(27, 74, 0, 2),
(27, 79, 1, 2),
(27, 55, 0, 2),
(27, 32, 0, 4),
(27, 70, 0, 4),
(27, 9, 0, 4),
(27, 69, 0, 4),
(27, 4, 0, 4),
(28, 63, 0, 1),
(28, 25, 0, 1),
(28, 20, 0, 1),
(28, 56, 0, 1),
(28, 68, 0, 1),
(28, 2, 0, 1),
(28, 71, 0, 1),
(28, 88, 0, 3),
(28, 22, 0, 3),
(28, 7, 0, 3),
(28, 28, 0, 3),
(28, 66, 0, 3),
(28, 78, 0, 3),
(28, 60, 0, 3),
(28, 57, 1, 3),
(28, 62, 1, 3),
(28, 34, 1, 3),
(28, 10, 0, 3),
(28, 35, 0, 2),
(28, 5, 0, 2),
(28, 64, 0, 2),
(28, 37, 0, 2),
(28, 38, 0, 2),
(28, 74, 0, 2),
(28, 79, 1, 2),
(28, 55, 0, 2),
(28, 32, 0, 4),
(28, 70, 0, 4),
(28, 9, 0, 4),
(28, 69, 0, 4),
(28, 4, 0, 4),
(29, 39, 1, 3),
(29, 77, 0, 4),
(29, 63, 0, 1),
(29, 25, 0, 1),
(29, 20, 1, 1),
(29, 56, 0, 1),
(29, 68, 0, 1),
(29, 2, 0, 1),
(29, 71, 0, 1),
(29, 88, 0, 3),
(29, 22, 0, 3),
(29, 7, 0, 3),
(29, 28, 0, 3),
(29, 66, 0, 3),
(29, 78, 0, 3),
(29, 60, 0, 3),
(29, 57, 1, 3),
(29, 62, 1, 3),
(29, 34, 1, 3),
(29, 10, 0, 3),
(29, 35, 0, 2),
(29, 5, 1, 2),
(29, 64, 0, 2),
(29, 37, 0, 2),
(29, 38, 0, 2),
(29, 74, 0, 2),
(29, 79, 1, 2),
(29, 55, 0, 2),
(29, 32, 0, 4),
(29, 70, 0, 4),
(29, 9, 0, 4),
(29, 69, 0, 4),
(29, 4, 0, 4),
(30, 39, 1, 3),
(30, 77, 0, 4),
(30, 63, 0, 1),
(30, 25, 0, 1),
(30, 20, 1, 1),
(30, 56, 0, 1),
(30, 68, 0, 1),
(30, 2, 0, 1),
(30, 71, 0, 1),
(30, 88, 0, 3),
(30, 22, 0, 3),
(30, 7, 0, 3),
(30, 28, 0, 3),
(30, 66, 0, 3),
(30, 78, 0, 3),
(30, 60, 0, 3),
(30, 57, 1, 3),
(30, 62, 1, 3),
(30, 34, 1, 3),
(30, 10, 0, 3),
(30, 35, 0, 2),
(30, 5, 1, 2),
(30, 64, 0, 2),
(30, 37, 0, 2),
(30, 38, 0, 2),
(30, 74, 0, 2),
(30, 79, 1, 2),
(30, 55, 0, 2),
(30, 32, 0, 4),
(30, 70, 0, 4),
(30, 9, 0, 4),
(30, 69, 0, 4),
(30, 4, 0, 4),
(31, 39, 1, 3),
(31, 63, 0, 1),
(31, 25, 0, 1),
(31, 20, 1, 1),
(31, 56, 0, 1),
(31, 68, 0, 1),
(31, 2, 0, 1),
(31, 71, 0, 1),
(31, 88, 0, 3),
(31, 22, 0, 3),
(31, 7, 0, 3),
(31, 28, 0, 3),
(31, 66, 0, 3),
(31, 78, 0, 3),
(31, 60, 0, 3),
(31, 57, 0, 3),
(31, 62, 0, 3),
(31, 34, 0, 3),
(31, 10, 1, 3),
(31, 35, 0, 2),
(31, 5, 0, 2),
(31, 64, 0, 2),
(31, 37, 0, 2),
(31, 38, 0, 2),
(31, 74, 0, 2),
(31, 79, 0, 2),
(31, 55, 0, 2),
(31, 32, 0, 4),
(31, 70, 0, 4),
(31, 9, 0, 4),
(31, 69, 0, 4),
(31, 4, 0, 4),
(32, 63, 0, 1),
(32, 25, 0, 1),
(32, 20, 1, 1),
(32, 56, 0, 1),
(32, 68, 0, 1),
(32, 2, 0, 1),
(32, 71, 0, 1),
(32, 88, 0, 3),
(32, 22, 0, 3),
(32, 7, 0, 3),
(32, 28, 0, 3),
(32, 66, 0, 3),
(32, 78, 0, 3),
(32, 60, 0, 3),
(32, 57, 0, 3),
(32, 62, 0, 3),
(32, 34, 0, 3),
(32, 10, 1, 3),
(32, 35, 0, 2),
(32, 5, 0, 2),
(32, 64, 0, 2),
(32, 37, 0, 2),
(32, 38, 0, 2),
(32, 74, 0, 2),
(32, 79, 0, 2),
(32, 55, 0, 2),
(32, 32, 0, 4),
(32, 70, 0, 4),
(32, 9, 0, 4),
(32, 69, 0, 4),
(32, 4, 0, 4),
(33, 76, 0, 2),
(33, 63, 0, 1),
(33, 25, 0, 1),
(33, 20, 0, 1),
(33, 56, 0, 1),
(33, 68, 0, 1),
(33, 2, 0, 1),
(33, 71, 0, 1),
(33, 88, 0, 3),
(33, 22, 0, 3),
(33, 7, 0, 3),
(33, 28, 0, 3),
(33, 66, 0, 3),
(33, 78, 0, 3),
(33, 60, 0, 3),
(33, 57, 0, 3),
(33, 62, 0, 3),
(33, 34, 0, 3),
(33, 10, 1, 3),
(33, 35, 1, 2),
(33, 5, 0, 2),
(33, 64, 0, 2),
(33, 37, 0, 2),
(33, 38, 0, 2),
(33, 74, 0, 2),
(33, 79, 0, 2),
(33, 55, 0, 2),
(33, 32, 0, 4),
(33, 70, 0, 4),
(33, 9, 0, 4),
(33, 69, 0, 4),
(33, 4, 0, 4),
(34, 76, 0, 2),
(34, 63, 0, 1),
(34, 25, 0, 1),
(34, 20, 0, 1),
(34, 56, 0, 1),
(34, 68, 0, 1),
(34, 2, 0, 1),
(34, 71, 0, 1),
(34, 88, 0, 3),
(34, 22, 0, 3),
(34, 7, 0, 3),
(34, 28, 0, 3),
(34, 66, 0, 3),
(34, 78, 0, 3),
(34, 60, 0, 3),
(34, 57, 0, 3),
(34, 62, 0, 3),
(34, 34, 0, 3),
(34, 10, 1, 3),
(34, 35, 1, 2),
(34, 5, 0, 2),
(34, 64, 0, 2),
(34, 37, 0, 2),
(34, 38, 0, 2),
(34, 74, 0, 2),
(34, 79, 0, 2),
(34, 55, 0, 2),
(34, 32, 0, 4),
(34, 70, 0, 4),
(34, 9, 0, 4),
(34, 69, 0, 4),
(34, 4, 0, 4),
(35, 76, 0, 2),
(35, 63, 0, 1),
(35, 25, 0, 1),
(35, 20, 0, 1),
(35, 56, 0, 1),
(35, 68, 0, 1),
(35, 2, 0, 1),
(35, 71, 0, 1),
(35, 88, 0, 3),
(35, 22, 0, 3),
(35, 7, 0, 3),
(35, 28, 0, 3),
(35, 66, 0, 3),
(35, 78, 1, 3),
(35, 60, 0, 3),
(35, 57, 0, 3),
(35, 62, 0, 3),
(35, 34, 0, 3),
(35, 10, 0, 3),
(35, 35, 1, 2),
(35, 5, 0, 2),
(35, 64, 0, 2),
(35, 37, 0, 2),
(35, 38, 0, 2),
(35, 74, 0, 2),
(35, 79, 0, 2),
(35, 55, 0, 2),
(35, 32, 0, 4),
(35, 70, 0, 4),
(35, 9, 0, 4),
(35, 69, 0, 4),
(35, 4, 0, 4),
(36, 76, 0, 2),
(36, 63, 0, 1),
(36, 25, 0, 1),
(36, 20, 0, 1),
(36, 56, 0, 1),
(36, 68, 0, 1),
(36, 2, 0, 1),
(36, 71, 0, 1),
(36, 88, 0, 3),
(36, 22, 0, 3),
(36, 7, 0, 3),
(36, 28, 0, 3),
(36, 66, 0, 3),
(36, 78, 1, 3),
(36, 60, 0, 3),
(36, 57, 0, 3),
(36, 62, 0, 3),
(36, 34, 0, 3),
(36, 10, 0, 3),
(36, 35, 1, 2),
(36, 5, 0, 2),
(36, 64, 0, 2),
(36, 37, 0, 2),
(36, 38, 0, 2),
(36, 74, 0, 2),
(36, 79, 0, 2),
(36, 55, 0, 2),
(36, 32, 0, 4),
(36, 70, 0, 4),
(36, 9, 0, 4),
(36, 69, 0, 4),
(36, 4, 0, 4),
(37, 76, 0, 2),
(37, 14, 1, 3),
(37, 43, 1, 3),
(37, 63, 0, 1),
(37, 25, 0, 1),
(37, 20, 0, 1),
(37, 56, 0, 1),
(37, 68, 0, 1),
(37, 2, 0, 1),
(37, 71, 0, 1),
(37, 88, 1, 3),
(37, 22, 0, 3),
(37, 7, 0, 3),
(37, 28, 0, 3),
(37, 66, 0, 3),
(37, 78, 0, 3),
(37, 60, 0, 3),
(37, 57, 0, 3),
(37, 62, 1, 3),
(37, 34, 0, 3),
(37, 10, 0, 3),
(37, 35, 1, 2),
(37, 5, 0, 2),
(37, 64, 0, 2),
(37, 37, 0, 2),
(37, 38, 0, 2),
(37, 74, 0, 2),
(37, 79, 0, 2),
(37, 55, 0, 2),
(37, 32, 0, 4),
(37, 70, 0, 4),
(37, 9, 0, 4),
(37, 69, 0, 4),
(37, 4, 0, 4),
(38, 76, 0, 2),
(38, 14, 1, 3),
(38, 43, 1, 3),
(38, 63, 0, 1),
(38, 25, 0, 1),
(38, 20, 0, 1),
(38, 56, 0, 1),
(38, 68, 0, 1),
(38, 2, 0, 1),
(38, 71, 0, 1),
(38, 88, 1, 3),
(38, 22, 0, 3),
(38, 7, 0, 3),
(38, 28, 0, 3),
(38, 66, 0, 3),
(38, 78, 0, 3),
(38, 60, 0, 3),
(38, 57, 0, 3),
(38, 62, 1, 3),
(38, 34, 0, 3),
(38, 10, 0, 3),
(38, 35, 1, 2),
(38, 5, 0, 2),
(38, 64, 0, 2),
(38, 37, 0, 2),
(38, 38, 0, 2),
(38, 74, 0, 2),
(38, 79, 0, 2),
(38, 55, 0, 2),
(38, 32, 0, 4),
(38, 70, 0, 4),
(38, 9, 0, 4),
(38, 69, 0, 4),
(38, 4, 0, 4),
(39, 63, 1, 1),
(39, 25, 1, 1),
(39, 20, 1, 1),
(39, 56, 1, 1),
(39, 68, 1, 1),
(39, 2, 0, 1),
(39, 71, 0, 1),
(39, 88, 0, 3),
(39, 22, 0, 3),
(39, 7, 0, 3),
(39, 28, 0, 3),
(39, 66, 0, 3),
(39, 78, 0, 3),
(39, 60, 0, 3),
(39, 57, 0, 3),
(39, 62, 0, 3),
(39, 34, 0, 3),
(39, 10, 0, 3),
(39, 35, 0, 2),
(39, 5, 0, 2),
(39, 64, 0, 2),
(39, 37, 0, 2),
(39, 38, 0, 2),
(39, 74, 0, 2),
(39, 79, 0, 2),
(39, 55, 0, 2),
(39, 32, 0, 4),
(39, 70, 0, 4),
(39, 9, 0, 4),
(39, 69, 0, 4),
(39, 4, 0, 4),
(40, 63, 1, 1),
(40, 25, 1, 1),
(40, 20, 1, 1),
(40, 56, 1, 1),
(40, 68, 1, 1),
(40, 2, 0, 1),
(40, 71, 0, 1),
(40, 88, 0, 3),
(40, 22, 0, 3),
(40, 7, 0, 3),
(40, 28, 0, 3),
(40, 66, 0, 3),
(40, 78, 0, 3),
(40, 60, 0, 3),
(40, 57, 0, 3),
(40, 62, 0, 3),
(40, 34, 0, 3),
(40, 10, 0, 3),
(40, 35, 0, 2),
(40, 5, 0, 2),
(40, 64, 0, 2),
(40, 37, 0, 2),
(40, 38, 0, 2),
(40, 74, 0, 2),
(40, 79, 0, 2),
(40, 55, 0, 2),
(40, 32, 0, 4),
(40, 70, 0, 4),
(40, 9, 0, 4),
(40, 69, 0, 4),
(40, 4, 0, 4),
(41, 51, 1, 3),
(41, 63, 0, 1),
(41, 25, 0, 1),
(41, 20, 0, 1),
(41, 56, 0, 1),
(41, 68, 0, 1),
(41, 2, 0, 1),
(41, 71, 0, 1),
(41, 88, 1, 3),
(41, 22, 0, 3),
(41, 7, 0, 3),
(41, 28, 0, 3),
(41, 66, 0, 3),
(41, 78, 0, 3),
(41, 60, 0, 3),
(41, 57, 0, 3),
(41, 62, 0, 3),
(41, 34, 0, 3),
(41, 10, 0, 3),
(41, 35, 0, 2),
(41, 5, 1, 2),
(41, 64, 0, 2),
(41, 37, 0, 2),
(41, 38, 0, 2),
(41, 74, 0, 2),
(41, 79, 0, 2),
(41, 55, 0, 2),
(41, 32, 0, 4),
(41, 70, 0, 4),
(41, 9, 0, 4),
(41, 69, 0, 4),
(41, 4, 0, 4),
(42, 51, 1, 3),
(42, 63, 0, 1),
(42, 25, 0, 1),
(42, 20, 0, 1),
(42, 56, 0, 1),
(42, 68, 0, 1),
(42, 2, 0, 1),
(42, 71, 0, 1),
(42, 88, 1, 3),
(42, 22, 0, 3),
(42, 7, 0, 3),
(42, 28, 0, 3),
(42, 66, 0, 3),
(42, 78, 0, 3),
(42, 60, 0, 3),
(42, 57, 0, 3),
(42, 62, 0, 3),
(42, 34, 0, 3),
(42, 10, 0, 3),
(42, 35, 0, 2),
(42, 5, 1, 2),
(42, 64, 0, 2),
(42, 37, 0, 2),
(42, 38, 0, 2),
(42, 74, 0, 2),
(42, 79, 0, 2),
(42, 55, 0, 2),
(42, 32, 0, 4),
(42, 70, 0, 4),
(42, 9, 0, 4),
(42, 69, 0, 4),
(42, 4, 0, 4),
(43, 51, 1, 3),
(43, 19, 1, 2),
(43, 31, 1, 1),
(43, 63, 0, 1),
(43, 25, 0, 1),
(43, 20, 0, 1),
(43, 56, 0, 1),
(43, 68, 0, 1),
(43, 2, 0, 1),
(43, 71, 0, 1),
(43, 88, 1, 3),
(43, 22, 0, 3),
(43, 7, 0, 3),
(43, 28, 0, 3),
(43, 66, 0, 3),
(43, 78, 0, 3),
(43, 60, 0, 3),
(43, 57, 0, 3),
(43, 62, 0, 3),
(43, 34, 0, 3),
(43, 10, 0, 3),
(43, 35, 0, 2),
(43, 5, 0, 2),
(43, 64, 1, 2),
(43, 37, 1, 2),
(43, 38, 0, 2),
(43, 74, 0, 2),
(43, 79, 0, 2),
(43, 55, 0, 2),
(43, 32, 0, 4),
(43, 70, 0, 4),
(43, 9, 0, 4),
(43, 69, 0, 4),
(43, 4, 0, 4),
(44, 51, 1, 3),
(44, 19, 1, 2),
(44, 31, 1, 1),
(44, 63, 0, 1),
(44, 25, 0, 1),
(44, 20, 0, 1),
(44, 56, 0, 1),
(44, 68, 0, 1),
(44, 2, 0, 1),
(44, 71, 0, 1),
(44, 88, 1, 3),
(44, 22, 0, 3),
(44, 7, 0, 3),
(44, 28, 0, 3),
(44, 66, 0, 3),
(44, 78, 0, 3),
(44, 60, 0, 3),
(44, 57, 0, 3),
(44, 62, 0, 3),
(44, 34, 0, 3),
(44, 10, 0, 3),
(44, 35, 0, 2),
(44, 5, 0, 2),
(44, 64, 1, 2),
(44, 37, 1, 2),
(44, 38, 0, 2),
(44, 74, 0, 2),
(44, 79, 0, 2),
(44, 55, 0, 2),
(44, 32, 0, 4),
(44, 70, 0, 4),
(44, 9, 0, 4),
(44, 69, 0, 4),
(44, 4, 0, 4),
(45, 52, 1, 3),
(45, 63, 0, 1),
(45, 25, 0, 1),
(45, 20, 0, 1),
(45, 56, 0, 1),
(45, 68, 0, 1),
(45, 2, 0, 1),
(45, 71, 0, 1),
(45, 88, 0, 3),
(45, 22, 0, 3),
(45, 7, 0, 3),
(45, 28, 0, 3),
(45, 66, 0, 3),
(45, 78, 0, 3),
(45, 60, 0, 3),
(45, 57, 0, 3),
(45, 62, 0, 3),
(45, 34, 0, 3),
(45, 10, 0, 3),
(45, 35, 0, 2),
(45, 5, 0, 2),
(45, 64, 0, 2),
(45, 37, 0, 2),
(45, 38, 0, 2),
(45, 74, 0, 2),
(45, 79, 0, 2),
(45, 55, 0, 2),
(45, 32, 0, 4),
(45, 70, 0, 4),
(45, 9, 0, 4),
(45, 69, 0, 4),
(45, 4, 0, 4),
(46, 52, 1, 3),
(46, 63, 0, 1),
(46, 25, 0, 1),
(46, 20, 0, 1),
(46, 56, 0, 1),
(46, 68, 0, 1),
(46, 2, 0, 1),
(46, 71, 0, 1),
(46, 88, 0, 3),
(46, 22, 0, 3),
(46, 7, 0, 3),
(46, 28, 0, 3),
(46, 66, 0, 3),
(46, 78, 0, 3),
(46, 60, 0, 3),
(46, 57, 0, 3),
(46, 62, 0, 3),
(46, 34, 0, 3),
(46, 10, 0, 3),
(46, 35, 0, 2),
(46, 5, 0, 2),
(46, 64, 0, 2),
(46, 37, 0, 2),
(46, 38, 0, 2),
(46, 74, 0, 2),
(46, 79, 0, 2),
(46, 55, 0, 2),
(46, 32, 0, 4),
(46, 70, 0, 4),
(46, 9, 0, 4),
(46, 69, 0, 4),
(46, 4, 0, 4),
(47, 52, 1, 3),
(47, 63, 0, 1),
(47, 25, 0, 1),
(47, 20, 0, 1),
(47, 56, 0, 1),
(47, 68, 0, 1),
(47, 2, 0, 1),
(47, 71, 0, 1),
(47, 88, 0, 3),
(47, 22, 0, 3),
(47, 7, 0, 3),
(47, 28, 0, 3),
(47, 66, 0, 3),
(47, 78, 0, 3),
(47, 60, 0, 3),
(47, 57, 0, 3),
(47, 62, 0, 3),
(47, 34, 0, 3),
(47, 10, 0, 3),
(47, 35, 0, 2),
(47, 5, 1, 2),
(47, 64, 0, 2),
(47, 37, 0, 2),
(47, 38, 0, 2),
(47, 74, 0, 2),
(47, 79, 0, 2),
(47, 55, 0, 2),
(47, 32, 0, 4),
(47, 70, 0, 4),
(47, 9, 0, 4),
(47, 69, 0, 4),
(47, 4, 0, 4),
(48, 52, 1, 3),
(48, 63, 0, 1),
(48, 25, 0, 1),
(48, 20, 0, 1),
(48, 56, 0, 1),
(48, 68, 0, 1),
(48, 2, 0, 1),
(48, 71, 0, 1),
(48, 88, 0, 3),
(48, 22, 0, 3),
(48, 7, 0, 3),
(48, 28, 0, 3),
(48, 66, 0, 3),
(48, 78, 0, 3),
(48, 60, 0, 3),
(48, 57, 0, 3),
(48, 62, 0, 3),
(48, 34, 0, 3),
(48, 10, 0, 3),
(48, 35, 0, 2),
(48, 5, 1, 2),
(48, 64, 0, 2),
(48, 37, 0, 2),
(48, 38, 0, 2),
(48, 74, 0, 2),
(48, 79, 0, 2),
(48, 55, 0, 2),
(48, 32, 0, 4),
(48, 70, 0, 4),
(48, 9, 0, 4),
(48, 69, 0, 4),
(48, 4, 0, 4),
(49, 93, 1, 3),
(49, 63, 0, 1),
(49, 25, 0, 1),
(49, 20, 0, 1),
(49, 56, 0, 1),
(49, 68, 0, 1),
(49, 2, 0, 1),
(49, 71, 0, 1),
(49, 88, 0, 3),
(49, 22, 0, 3),
(49, 7, 0, 3),
(49, 28, 0, 3),
(49, 66, 0, 3),
(49, 78, 0, 3),
(49, 60, 0, 3),
(49, 57, 0, 3),
(49, 62, 0, 3),
(49, 34, 0, 3),
(49, 10, 0, 3),
(49, 35, 0, 2),
(49, 5, 0, 2),
(49, 64, 0, 2),
(49, 37, 0, 2),
(49, 38, 0, 2),
(49, 74, 0, 2),
(49, 79, 0, 2),
(49, 55, 1, 2),
(49, 32, 0, 4),
(49, 70, 0, 4),
(49, 9, 0, 4),
(49, 69, 0, 4),
(49, 4, 0, 4),
(50, 93, 1, 3),
(50, 63, 0, 1),
(50, 25, 0, 1),
(50, 20, 0, 1),
(50, 56, 0, 1),
(50, 68, 0, 1),
(50, 2, 0, 1),
(50, 71, 0, 1),
(50, 88, 0, 3),
(50, 22, 0, 3),
(50, 7, 0, 3),
(50, 28, 0, 3),
(50, 66, 0, 3),
(50, 78, 0, 3),
(50, 60, 0, 3),
(50, 57, 0, 3),
(50, 62, 0, 3),
(50, 34, 0, 3),
(50, 10, 0, 3),
(50, 35, 0, 2),
(50, 5, 0, 2),
(50, 64, 0, 2),
(50, 37, 0, 2),
(50, 38, 0, 2),
(50, 74, 0, 2),
(50, 79, 0, 2),
(50, 55, 1, 2),
(50, 32, 0, 4),
(50, 70, 0, 4),
(50, 9, 0, 4),
(50, 69, 0, 4),
(50, 4, 0, 4),
(51, 23, 1, 1),
(51, 63, 0, 1),
(51, 25, 0, 1),
(51, 20, 0, 1),
(51, 56, 0, 1),
(51, 68, 0, 1),
(51, 2, 1, 1),
(51, 71, 0, 1),
(51, 88, 0, 3),
(51, 22, 0, 3),
(51, 7, 0, 3),
(51, 28, 0, 3),
(51, 66, 0, 3),
(51, 78, 0, 3),
(51, 60, 0, 3),
(51, 57, 0, 3),
(51, 62, 0, 3),
(51, 34, 0, 3),
(51, 10, 0, 3),
(51, 35, 0, 2),
(51, 5, 1, 2),
(51, 64, 0, 2),
(51, 37, 1, 2),
(51, 38, 0, 2),
(51, 74, 1, 2),
(51, 79, 0, 2),
(51, 55, 0, 2),
(51, 32, 0, 4),
(51, 70, 0, 4),
(51, 9, 0, 4),
(51, 69, 0, 4),
(51, 4, 0, 4),
(52, 23, 1, 1),
(52, 63, 0, 1),
(52, 25, 0, 1),
(52, 20, 0, 1),
(52, 56, 0, 1),
(52, 68, 0, 1),
(52, 2, 1, 1),
(52, 71, 0, 1),
(52, 88, 0, 3),
(52, 22, 0, 3),
(52, 7, 0, 3),
(52, 28, 0, 3),
(52, 66, 0, 3),
(52, 78, 0, 3),
(52, 60, 0, 3),
(52, 57, 0, 3),
(52, 62, 0, 3),
(52, 34, 0, 3),
(52, 10, 0, 3),
(52, 35, 0, 2),
(52, 5, 1, 2),
(52, 64, 0, 2),
(52, 37, 1, 2),
(52, 38, 0, 2),
(52, 74, 1, 2),
(52, 79, 0, 2),
(52, 55, 0, 2),
(52, 32, 0, 4),
(52, 70, 0, 4),
(52, 9, 0, 4),
(52, 69, 0, 4),
(52, 4, 0, 4),
(53, 21, 1, 3),
(53, 63, 0, 1),
(53, 25, 0, 1),
(53, 20, 0, 1),
(53, 56, 0, 1),
(53, 68, 0, 1),
(53, 2, 0, 1),
(53, 71, 0, 1),
(53, 88, 0, 3),
(53, 22, 0, 3),
(53, 7, 0, 3),
(53, 28, 0, 3),
(53, 66, 0, 3),
(53, 78, 0, 3),
(53, 60, 0, 3),
(53, 57, 0, 3),
(53, 62, 0, 3),
(53, 34, 0, 3),
(53, 10, 0, 3),
(53, 35, 0, 2),
(53, 5, 1, 2),
(53, 64, 0, 2),
(53, 37, 0, 2),
(53, 38, 0, 2),
(53, 74, 0, 2),
(53, 79, 0, 2),
(53, 55, 0, 2),
(53, 32, 1, 4),
(53, 70, 0, 4),
(53, 9, 0, 4),
(53, 69, 1, 4),
(53, 4, 0, 4),
(54, 21, 1, 3),
(54, 63, 0, 1),
(54, 25, 0, 1),
(54, 20, 0, 1),
(54, 56, 0, 1),
(54, 68, 0, 1),
(54, 2, 0, 1),
(54, 71, 0, 1),
(54, 88, 0, 3),
(54, 22, 0, 3),
(54, 7, 0, 3),
(54, 28, 0, 3),
(54, 66, 0, 3),
(54, 78, 0, 3),
(54, 60, 0, 3),
(54, 57, 0, 3),
(54, 62, 0, 3),
(54, 34, 0, 3),
(54, 10, 0, 3),
(54, 35, 0, 2),
(54, 5, 1, 2),
(54, 64, 0, 2),
(54, 37, 0, 2),
(54, 38, 0, 2),
(54, 74, 0, 2),
(54, 79, 0, 2),
(54, 55, 0, 2),
(54, 32, 1, 4),
(54, 70, 0, 4),
(54, 9, 0, 4),
(54, 69, 1, 4),
(54, 4, 0, 4),
(55, 63, 0, 1),
(55, 25, 0, 1),
(55, 20, 0, 1),
(55, 56, 0, 1),
(55, 68, 0, 1),
(55, 2, 0, 1),
(55, 71, 0, 1),
(55, 88, 0, 3),
(55, 22, 0, 3),
(55, 7, 0, 3),
(55, 28, 0, 3),
(55, 66, 0, 3),
(55, 78, 0, 3),
(55, 60, 0, 3),
(55, 57, 0, 3),
(55, 62, 0, 3),
(55, 34, 0, 3),
(55, 10, 0, 3),
(55, 35, 1, 2),
(55, 5, 1, 2),
(55, 64, 0, 2),
(55, 37, 0, 2),
(55, 38, 0, 2),
(55, 74, 0, 2),
(55, 79, 0, 2),
(55, 55, 0, 2),
(55, 32, 0, 4),
(55, 70, 0, 4),
(55, 9, 0, 4),
(55, 69, 1, 4),
(55, 4, 0, 4),
(56, 63, 0, 1),
(56, 25, 0, 1),
(56, 20, 0, 1),
(56, 56, 0, 1),
(56, 68, 0, 1),
(56, 2, 0, 1),
(56, 71, 0, 1),
(56, 88, 0, 3),
(56, 22, 0, 3),
(56, 7, 0, 3),
(56, 28, 0, 3),
(56, 66, 0, 3),
(56, 78, 0, 3),
(56, 60, 0, 3),
(56, 57, 0, 3),
(56, 62, 0, 3),
(56, 34, 0, 3),
(56, 10, 0, 3),
(56, 35, 1, 2),
(56, 5, 1, 2),
(56, 64, 0, 2),
(56, 37, 0, 2),
(56, 38, 0, 2),
(56, 74, 0, 2),
(56, 79, 0, 2),
(56, 55, 0, 2),
(56, 32, 0, 4),
(56, 70, 0, 4),
(56, 9, 0, 4),
(56, 69, 1, 4),
(56, 4, 0, 4),
(57, 63, 1, 1),
(57, 25, 1, 1),
(57, 20, 0, 1),
(57, 56, 0, 1),
(57, 68, 0, 1),
(57, 2, 0, 1),
(57, 71, 0, 1),
(57, 88, 1, 3),
(57, 22, 0, 3),
(57, 7, 1, 3),
(57, 28, 1, 3),
(57, 66, 0, 3),
(57, 78, 1, 3),
(57, 60, 1, 3),
(57, 57, 0, 3),
(57, 62, 0, 3),
(57, 34, 0, 3),
(57, 10, 0, 3),
(57, 35, 0, 2),
(57, 5, 0, 2),
(57, 64, 0, 2),
(57, 37, 0, 2),
(57, 38, 0, 2),
(57, 74, 0, 2),
(57, 79, 0, 2),
(57, 55, 0, 2),
(57, 32, 0, 4),
(57, 70, 0, 4),
(57, 9, 0, 4),
(57, 69, 0, 4),
(57, 4, 0, 4),
(58, 63, 1, 1),
(58, 25, 1, 1),
(58, 20, 0, 1),
(58, 56, 0, 1),
(58, 68, 0, 1),
(58, 2, 0, 1),
(58, 71, 0, 1),
(58, 88, 1, 3),
(58, 22, 0, 3),
(58, 7, 1, 3),
(58, 28, 1, 3),
(58, 66, 0, 3),
(58, 78, 1, 3),
(58, 60, 1, 3),
(58, 57, 0, 3),
(58, 62, 0, 3),
(58, 34, 0, 3),
(58, 10, 0, 3),
(58, 35, 0, 2),
(58, 5, 0, 2),
(58, 64, 0, 2),
(58, 37, 0, 2),
(58, 38, 0, 2),
(58, 74, 0, 2),
(58, 79, 0, 2),
(58, 55, 0, 2),
(58, 32, 0, 4),
(58, 70, 0, 4),
(58, 9, 0, 4),
(58, 69, 0, 4),
(58, 4, 0, 4),
(59, 63, 1, 1),
(59, 25, 0, 1),
(59, 20, 0, 1),
(59, 56, 0, 1),
(59, 68, 0, 1),
(59, 2, 0, 1),
(59, 71, 0, 1),
(59, 88, 1, 3),
(59, 22, 0, 3),
(59, 7, 1, 3),
(59, 28, 1, 3),
(59, 66, 0, 3),
(59, 78, 1, 3),
(59, 60, 0, 3),
(59, 57, 0, 3),
(59, 62, 0, 3),
(59, 34, 0, 3),
(59, 10, 0, 3),
(59, 35, 0, 2),
(59, 5, 1, 2),
(59, 64, 0, 2),
(59, 37, 0, 2),
(59, 38, 0, 2),
(59, 74, 0, 2),
(59, 79, 0, 2),
(59, 55, 0, 2),
(59, 32, 0, 4),
(59, 70, 0, 4),
(59, 9, 0, 4),
(59, 69, 0, 4),
(59, 4, 0, 4),
(60, 63, 1, 1),
(60, 25, 0, 1),
(60, 20, 0, 1),
(60, 56, 0, 1),
(60, 68, 0, 1),
(60, 2, 0, 1),
(60, 71, 0, 1),
(60, 88, 1, 3),
(60, 22, 0, 3),
(60, 7, 1, 3),
(60, 28, 1, 3),
(60, 66, 0, 3),
(60, 78, 1, 3),
(60, 60, 0, 3),
(60, 57, 0, 3),
(60, 62, 0, 3),
(60, 34, 0, 3),
(60, 10, 0, 3),
(60, 35, 0, 2),
(60, 5, 1, 2),
(60, 64, 0, 2),
(60, 37, 0, 2),
(60, 38, 0, 2),
(60, 74, 0, 2),
(60, 79, 0, 2),
(60, 55, 0, 2),
(60, 32, 0, 4),
(60, 70, 0, 4),
(60, 9, 0, 4),
(60, 69, 0, 4),
(60, 4, 0, 4),
(61, 63, 1, 1),
(61, 25, 0, 1),
(61, 20, 0, 1),
(61, 56, 0, 1),
(61, 68, 0, 1),
(61, 2, 0, 1),
(61, 71, 0, 1),
(61, 88, 1, 3),
(61, 22, 0, 3),
(61, 7, 1, 3),
(61, 28, 1, 3),
(61, 66, 0, 3),
(61, 78, 0, 3),
(61, 60, 0, 3),
(61, 57, 0, 3),
(61, 62, 0, 3),
(61, 34, 0, 3),
(61, 10, 1, 3),
(61, 35, 0, 2),
(61, 5, 1, 2),
(61, 64, 0, 2),
(61, 37, 0, 2),
(61, 38, 0, 2),
(61, 74, 0, 2),
(61, 79, 0, 2),
(61, 55, 0, 2),
(61, 32, 0, 4),
(61, 70, 0, 4),
(61, 9, 0, 4),
(61, 69, 0, 4),
(61, 4, 0, 4),
(62, 63, 1, 1),
(62, 25, 0, 1),
(62, 20, 0, 1),
(62, 56, 0, 1),
(62, 68, 0, 1),
(62, 2, 0, 1),
(62, 71, 0, 1),
(62, 88, 1, 3),
(62, 22, 0, 3),
(62, 7, 1, 3),
(62, 28, 1, 3),
(62, 66, 0, 3),
(62, 78, 0, 3),
(62, 60, 0, 3),
(62, 57, 0, 3),
(62, 62, 0, 3),
(62, 34, 0, 3),
(62, 10, 1, 3),
(62, 35, 0, 2),
(62, 5, 1, 2),
(62, 64, 0, 2),
(62, 37, 0, 2),
(62, 38, 0, 2),
(62, 74, 0, 2),
(62, 79, 0, 2),
(62, 55, 0, 2),
(62, 32, 0, 4),
(62, 70, 0, 4),
(62, 9, 0, 4),
(62, 69, 0, 4),
(62, 4, 0, 4),
(63, 63, 1, 1),
(63, 25, 0, 1),
(63, 20, 0, 1),
(63, 56, 0, 1),
(63, 68, 0, 1),
(63, 2, 0, 1),
(63, 71, 1, 1),
(63, 88, 1, 3),
(63, 22, 0, 3),
(63, 7, 1, 3),
(63, 28, 1, 3),
(63, 66, 0, 3),
(63, 78, 1, 3),
(63, 60, 0, 3),
(63, 57, 0, 3),
(63, 62, 0, 3),
(63, 34, 0, 3),
(63, 10, 0, 3),
(63, 35, 0, 2),
(63, 5, 0, 2),
(63, 64, 0, 2),
(63, 37, 0, 2),
(63, 38, 0, 2),
(63, 74, 0, 2),
(63, 79, 0, 2),
(63, 55, 0, 2),
(63, 32, 0, 4),
(63, 70, 0, 4),
(63, 9, 0, 4),
(63, 69, 0, 4),
(63, 4, 0, 4),
(64, 63, 1, 1),
(64, 25, 0, 1),
(64, 20, 0, 1),
(64, 56, 0, 1),
(64, 68, 0, 1),
(64, 2, 0, 1),
(64, 71, 1, 1),
(64, 88, 1, 3),
(64, 22, 0, 3),
(64, 7, 1, 3),
(64, 28, 1, 3),
(64, 66, 0, 3),
(64, 78, 1, 3),
(64, 60, 0, 3),
(64, 57, 0, 3),
(64, 62, 0, 3),
(64, 34, 0, 3),
(64, 10, 0, 3),
(64, 35, 0, 2),
(64, 5, 0, 2),
(64, 64, 0, 2),
(64, 37, 0, 2),
(64, 38, 0, 2),
(64, 74, 0, 2),
(64, 79, 0, 2),
(64, 55, 0, 2),
(64, 32, 0, 4),
(64, 70, 0, 4),
(64, 9, 0, 4),
(64, 69, 0, 4),
(64, 4, 0, 4),
(65, 63, 1, 1),
(65, 25, 0, 1),
(65, 20, 0, 1),
(65, 56, 0, 1),
(65, 68, 0, 1),
(65, 2, 0, 1),
(65, 71, 1, 1),
(65, 88, 1, 3),
(65, 22, 0, 3),
(65, 7, 0, 3),
(65, 28, 1, 3),
(65, 66, 0, 3),
(65, 78, 0, 3),
(65, 60, 0, 3),
(65, 57, 0, 3),
(65, 62, 0, 3),
(65, 34, 0, 3),
(65, 10, 1, 3),
(65, 35, 0, 2),
(65, 5, 0, 2),
(65, 64, 0, 2),
(65, 37, 0, 2),
(65, 38, 0, 2),
(65, 74, 0, 2),
(65, 79, 0, 2),
(65, 55, 0, 2),
(65, 32, 0, 4),
(65, 70, 0, 4),
(65, 9, 0, 4),
(65, 69, 0, 4),
(65, 4, 0, 4),
(66, 63, 1, 1),
(66, 25, 0, 1),
(66, 20, 0, 1),
(66, 56, 0, 1),
(66, 68, 0, 1),
(66, 2, 0, 1),
(66, 71, 1, 1),
(66, 88, 1, 3),
(66, 22, 0, 3),
(66, 7, 0, 3),
(66, 28, 1, 3),
(66, 66, 0, 3),
(66, 78, 0, 3),
(66, 60, 0, 3),
(66, 57, 0, 3),
(66, 62, 0, 3),
(66, 34, 0, 3),
(66, 10, 1, 3),
(66, 35, 0, 2),
(66, 5, 0, 2),
(66, 64, 0, 2),
(66, 37, 0, 2),
(66, 38, 0, 2),
(66, 74, 0, 2),
(66, 79, 0, 2),
(66, 55, 0, 2),
(66, 32, 0, 4),
(66, 70, 0, 4),
(66, 9, 0, 4),
(66, 69, 0, 4),
(66, 4, 0, 4),
(67, 63, 1, 1),
(67, 25, 0, 1),
(67, 20, 0, 1),
(67, 56, 0, 1),
(67, 68, 0, 1),
(67, 2, 0, 1),
(67, 71, 0, 1),
(67, 88, 1, 3),
(67, 22, 0, 3),
(67, 7, 1, 3),
(67, 28, 1, 3),
(67, 66, 0, 3),
(67, 78, 0, 3),
(67, 60, 0, 3),
(67, 57, 0, 3),
(67, 62, 0, 3),
(67, 34, 0, 3),
(67, 10, 0, 3),
(67, 35, 0, 2),
(67, 5, 1, 2),
(67, 64, 0, 2),
(67, 37, 0, 2),
(67, 38, 0, 2),
(67, 74, 0, 2),
(67, 79, 0, 2),
(67, 55, 0, 2),
(67, 32, 0, 4),
(67, 70, 0, 4),
(67, 9, 0, 4),
(67, 69, 0, 4),
(67, 4, 0, 4),
(68, 63, 1, 1),
(68, 25, 0, 1),
(68, 20, 0, 1),
(68, 56, 0, 1),
(68, 68, 0, 1),
(68, 2, 0, 1),
(68, 71, 0, 1),
(68, 88, 1, 3),
(68, 22, 0, 3),
(68, 7, 1, 3),
(68, 28, 1, 3),
(68, 66, 0, 3),
(68, 78, 0, 3),
(68, 60, 0, 3),
(68, 57, 0, 3),
(68, 62, 0, 3),
(68, 34, 0, 3),
(68, 10, 0, 3),
(68, 35, 0, 2),
(68, 5, 1, 2),
(68, 64, 0, 2),
(68, 37, 0, 2),
(68, 38, 0, 2),
(68, 74, 0, 2),
(68, 79, 0, 2),
(68, 55, 0, 2),
(68, 32, 0, 4),
(68, 70, 0, 4),
(68, 9, 0, 4),
(68, 69, 0, 4),
(68, 4, 0, 4),
(69, 63, 1, 1),
(69, 25, 0, 1),
(69, 20, 0, 1),
(69, 56, 0, 1),
(69, 68, 0, 1),
(69, 2, 0, 1),
(69, 71, 0, 1),
(69, 88, 1, 3),
(69, 22, 0, 3),
(69, 7, 1, 3),
(69, 28, 1, 3),
(69, 66, 0, 3),
(69, 78, 0, 3),
(69, 60, 0, 3),
(69, 57, 0, 3),
(69, 62, 0, 3),
(69, 34, 0, 3),
(69, 10, 0, 3),
(69, 35, 0, 2),
(69, 5, 0, 2),
(69, 64, 1, 2),
(69, 37, 0, 2),
(69, 38, 0, 2),
(69, 74, 0, 2),
(69, 79, 0, 2),
(69, 55, 0, 2),
(69, 32, 0, 4),
(69, 70, 0, 4),
(69, 9, 0, 4),
(69, 69, 0, 4),
(69, 4, 0, 4),
(70, 63, 1, 1),
(70, 25, 0, 1),
(70, 20, 0, 1),
(70, 56, 0, 1),
(70, 68, 0, 1),
(70, 2, 0, 1),
(70, 71, 0, 1),
(70, 88, 1, 3),
(70, 22, 0, 3),
(70, 7, 1, 3),
(70, 28, 1, 3),
(70, 66, 0, 3),
(70, 78, 0, 3),
(70, 60, 0, 3),
(70, 57, 0, 3),
(70, 62, 0, 3),
(70, 34, 0, 3),
(70, 10, 0, 3),
(70, 35, 0, 2),
(70, 5, 0, 2),
(70, 64, 1, 2),
(70, 37, 0, 2),
(70, 38, 0, 2),
(70, 74, 0, 2),
(70, 79, 0, 2),
(70, 55, 0, 2),
(70, 32, 0, 4),
(70, 70, 0, 4),
(70, 9, 0, 4),
(70, 69, 0, 4),
(70, 4, 0, 4),
(71, 63, 1, 1),
(71, 25, 0, 1),
(71, 20, 0, 1),
(71, 56, 0, 1),
(71, 68, 0, 1),
(71, 2, 0, 1),
(71, 71, 0, 1),
(71, 88, 1, 3),
(71, 22, 0, 3),
(71, 7, 1, 3),
(71, 28, 1, 3),
(71, 66, 0, 3),
(71, 78, 0, 3),
(71, 60, 0, 3),
(71, 57, 0, 3),
(71, 62, 0, 3),
(71, 34, 0, 3),
(71, 10, 1, 3),
(71, 35, 1, 2),
(71, 5, 0, 2),
(71, 64, 0, 2),
(71, 37, 0, 2),
(71, 38, 0, 2),
(71, 74, 0, 2),
(71, 79, 0, 2),
(71, 55, 0, 2),
(71, 32, 0, 4),
(71, 70, 0, 4),
(71, 9, 0, 4),
(71, 69, 0, 4),
(71, 4, 0, 4),
(72, 63, 1, 1),
(72, 25, 0, 1),
(72, 20, 0, 1),
(72, 56, 0, 1),
(72, 68, 0, 1),
(72, 2, 0, 1),
(72, 71, 0, 1),
(72, 88, 1, 3),
(72, 22, 0, 3),
(72, 7, 1, 3),
(72, 28, 1, 3),
(72, 66, 0, 3),
(72, 78, 0, 3),
(72, 60, 0, 3),
(72, 57, 0, 3),
(72, 62, 0, 3),
(72, 34, 0, 3),
(72, 10, 1, 3),
(72, 35, 1, 2),
(72, 5, 0, 2),
(72, 64, 0, 2),
(72, 37, 0, 2),
(72, 38, 0, 2),
(72, 74, 0, 2),
(72, 79, 0, 2),
(72, 55, 0, 2),
(72, 32, 0, 4),
(72, 70, 0, 4),
(72, 9, 0, 4),
(72, 69, 0, 4),
(72, 4, 0, 4),
(73, 63, 1, 1),
(73, 25, 0, 1),
(73, 20, 0, 1),
(73, 56, 0, 1),
(73, 68, 0, 1),
(73, 2, 0, 1),
(73, 71, 0, 1),
(73, 88, 1, 3),
(73, 22, 1, 3),
(73, 7, 1, 3),
(73, 28, 1, 3),
(73, 66, 0, 3),
(73, 78, 0, 3),
(73, 60, 0, 3),
(73, 57, 0, 3),
(73, 62, 0, 3),
(73, 34, 0, 3),
(73, 10, 0, 3),
(73, 35, 0, 2),
(73, 5, 0, 2),
(73, 64, 0, 2),
(73, 37, 0, 2),
(73, 38, 0, 2),
(73, 74, 0, 2),
(73, 79, 0, 2),
(73, 55, 0, 2),
(73, 32, 0, 4),
(73, 70, 0, 4),
(73, 9, 0, 4),
(73, 69, 0, 4),
(73, 4, 0, 4),
(74, 63, 1, 1),
(74, 25, 0, 1),
(74, 20, 0, 1),
(74, 56, 0, 1),
(74, 68, 0, 1),
(74, 2, 0, 1),
(74, 71, 0, 1),
(74, 88, 1, 3),
(74, 22, 1, 3),
(74, 7, 1, 3),
(74, 28, 1, 3),
(74, 66, 0, 3),
(74, 78, 0, 3),
(74, 60, 0, 3),
(74, 57, 0, 3),
(74, 62, 0, 3),
(74, 34, 0, 3),
(74, 10, 0, 3),
(74, 35, 0, 2),
(74, 5, 0, 2),
(74, 64, 0, 2),
(74, 37, 0, 2),
(74, 38, 0, 2),
(74, 74, 0, 2),
(74, 79, 0, 2),
(74, 55, 0, 2),
(74, 32, 0, 4),
(74, 70, 0, 4),
(74, 9, 0, 4),
(74, 69, 0, 4),
(74, 4, 0, 4),
(75, 63, 1, 1),
(75, 25, 0, 1),
(75, 20, 0, 1),
(75, 56, 0, 1),
(75, 68, 0, 1),
(75, 2, 0, 1),
(75, 71, 0, 1),
(75, 88, 1, 3),
(75, 22, 0, 3),
(75, 7, 1, 3),
(75, 28, 1, 3),
(75, 66, 0, 3),
(75, 78, 0, 3),
(75, 60, 0, 3),
(75, 57, 1, 3),
(75, 62, 1, 3),
(75, 34, 1, 3),
(75, 10, 1, 3),
(75, 35, 0, 2),
(75, 5, 0, 2),
(75, 64, 0, 2),
(75, 37, 0, 2),
(75, 38, 0, 2),
(75, 74, 0, 2),
(75, 79, 0, 2),
(75, 55, 0, 2),
(75, 32, 0, 4),
(75, 70, 0, 4),
(75, 9, 0, 4),
(75, 69, 0, 4),
(75, 4, 0, 4),
(76, 63, 1, 1),
(76, 25, 0, 1),
(76, 20, 0, 1),
(76, 56, 0, 1),
(76, 68, 0, 1),
(76, 2, 0, 1),
(76, 71, 0, 1),
(76, 88, 1, 3),
(76, 22, 0, 3),
(76, 7, 1, 3),
(76, 28, 1, 3),
(76, 66, 0, 3),
(76, 78, 0, 3),
(76, 60, 0, 3),
(76, 57, 1, 3),
(76, 62, 1, 3),
(76, 34, 1, 3),
(76, 10, 1, 3),
(76, 35, 0, 2),
(76, 5, 0, 2),
(76, 64, 0, 2),
(76, 37, 0, 2),
(76, 38, 0, 2),
(76, 74, 0, 2),
(76, 79, 0, 2),
(76, 55, 0, 2),
(76, 32, 0, 4),
(76, 70, 0, 4),
(76, 9, 0, 4),
(76, 69, 0, 4),
(76, 4, 0, 4),
(77, 3, 1, 3),
(77, 63, 1, 1),
(77, 25, 0, 1),
(77, 20, 0, 1),
(77, 56, 0, 1),
(77, 68, 0, 1),
(77, 2, 0, 1),
(77, 71, 0, 1),
(77, 88, 1, 3),
(77, 22, 0, 3),
(77, 7, 1, 3),
(77, 28, 1, 3),
(77, 66, 0, 3),
(77, 78, 0, 3),
(77, 60, 1, 3),
(77, 57, 0, 3),
(77, 62, 0, 3),
(77, 34, 0, 3),
(77, 10, 0, 3),
(77, 35, 0, 2),
(77, 5, 0, 2),
(77, 64, 0, 2),
(77, 37, 0, 2),
(77, 38, 0, 2),
(77, 74, 0, 2),
(77, 79, 0, 2),
(77, 55, 0, 2),
(77, 32, 0, 4),
(77, 70, 0, 4),
(77, 9, 0, 4),
(77, 69, 0, 4),
(77, 4, 0, 4),
(78, 3, 1, 3),
(78, 63, 1, 1),
(78, 25, 0, 1),
(78, 20, 0, 1),
(78, 56, 0, 1),
(78, 68, 0, 1),
(78, 2, 0, 1),
(78, 71, 0, 1),
(78, 88, 1, 3),
(78, 22, 0, 3),
(78, 7, 1, 3),
(78, 28, 1, 3),
(78, 66, 0, 3),
(78, 78, 0, 3),
(78, 60, 1, 3),
(78, 57, 0, 3),
(78, 62, 0, 3),
(78, 34, 0, 3),
(78, 10, 0, 3),
(78, 35, 0, 2),
(78, 5, 0, 2),
(78, 64, 0, 2),
(78, 37, 0, 2),
(78, 38, 0, 2),
(78, 74, 0, 2),
(78, 79, 0, 2),
(78, 55, 0, 2),
(78, 32, 0, 4),
(78, 70, 0, 4),
(78, 9, 0, 4),
(78, 69, 0, 4),
(78, 4, 0, 4),
(79, 63, 1, 1),
(79, 25, 0, 1),
(79, 20, 0, 1),
(79, 56, 0, 1),
(79, 68, 0, 1),
(79, 2, 0, 1),
(79, 71, 0, 1),
(79, 88, 1, 3),
(79, 22, 0, 3),
(79, 7, 1, 3),
(79, 28, 1, 3),
(79, 66, 0, 3),
(79, 78, 1, 3),
(79, 60, 0, 3),
(79, 57, 0, 3),
(79, 62, 0, 3),
(79, 34, 0, 3),
(79, 10, 0, 3),
(79, 35, 1, 2),
(79, 5, 0, 2),
(79, 64, 0, 2),
(79, 37, 0, 2),
(79, 38, 0, 2),
(79, 74, 0, 2),
(79, 79, 0, 2),
(79, 55, 0, 2),
(79, 32, 0, 4),
(79, 70, 0, 4),
(79, 9, 0, 4),
(79, 69, 0, 4),
(79, 4, 0, 4),
(80, 63, 1, 1),
(80, 25, 0, 1),
(80, 20, 0, 1),
(80, 56, 0, 1),
(80, 68, 0, 1),
(80, 2, 0, 1),
(80, 71, 0, 1),
(80, 88, 1, 3),
(80, 22, 0, 3),
(80, 7, 1, 3),
(80, 28, 1, 3),
(80, 66, 0, 3),
(80, 78, 1, 3),
(80, 60, 0, 3),
(80, 57, 0, 3),
(80, 62, 0, 3),
(80, 34, 0, 3),
(80, 10, 0, 3),
(80, 35, 1, 2),
(80, 5, 0, 2),
(80, 64, 0, 2),
(80, 37, 0, 2),
(80, 38, 0, 2),
(80, 74, 0, 2),
(80, 79, 0, 2),
(80, 55, 0, 2),
(80, 32, 0, 4),
(80, 70, 0, 4),
(80, 9, 0, 4),
(80, 69, 0, 4),
(80, 4, 0, 4),
(81, 63, 1, 1),
(81, 25, 1, 1),
(81, 20, 0, 1),
(81, 56, 0, 1),
(81, 68, 0, 1),
(81, 2, 0, 1),
(81, 71, 0, 1),
(81, 88, 1, 3),
(81, 22, 0, 3),
(81, 7, 1, 3),
(81, 28, 1, 3),
(81, 66, 0, 3),
(81, 78, 0, 3),
(81, 60, 0, 3),
(81, 57, 0, 3),
(81, 62, 1, 3),
(81, 34, 0, 3),
(81, 10, 0, 3),
(81, 35, 0, 2),
(81, 5, 0, 2),
(81, 64, 0, 2),
(81, 37, 0, 2),
(81, 38, 0, 2),
(81, 74, 0, 2),
(81, 79, 0, 2),
(81, 55, 0, 2),
(81, 32, 0, 4),
(81, 70, 0, 4),
(81, 9, 0, 4),
(81, 69, 0, 4),
(81, 4, 0, 4),
(82, 63, 1, 1),
(82, 25, 1, 1),
(82, 20, 0, 1),
(82, 56, 0, 1),
(82, 68, 0, 1),
(82, 2, 0, 1),
(82, 71, 0, 1),
(82, 88, 1, 3),
(82, 22, 0, 3),
(82, 7, 1, 3),
(82, 28, 1, 3),
(82, 66, 0, 3),
(82, 78, 0, 3),
(82, 60, 0, 3),
(82, 57, 0, 3),
(82, 62, 1, 3),
(82, 34, 0, 3),
(82, 10, 0, 3),
(82, 35, 0, 2),
(82, 5, 0, 2),
(82, 64, 0, 2),
(82, 37, 0, 2),
(82, 38, 0, 2),
(82, 74, 0, 2),
(82, 79, 0, 2),
(82, 55, 0, 2),
(82, 32, 0, 4),
(82, 70, 0, 4),
(82, 9, 0, 4),
(82, 69, 0, 4),
(82, 4, 0, 4),
(83, 63, 0, 1),
(83, 25, 0, 1),
(83, 20, 0, 1),
(83, 56, 0, 1),
(83, 68, 0, 1),
(83, 2, 0, 1),
(83, 71, 0, 1),
(83, 88, 0, 3),
(83, 22, 0, 3),
(83, 7, 0, 3),
(83, 28, 0, 3),
(83, 66, 0, 3),
(83, 78, 0, 3),
(83, 60, 0, 3),
(83, 57, 0, 3),
(83, 62, 0, 3),
(83, 34, 0, 3),
(83, 10, 0, 3),
(83, 35, 0, 2),
(83, 5, 0, 2),
(83, 64, 0, 2),
(83, 37, 0, 2),
(83, 38, 0, 2),
(83, 74, 0, 2),
(83, 79, 0, 2),
(83, 55, 0, 2),
(83, 32, 0, 4),
(83, 70, 0, 4),
(83, 9, 0, 4),
(83, 69, 0, 4),
(83, 4, 0, 4),
(84, 63, 0, 1),
(84, 25, 0, 1),
(84, 20, 0, 1),
(84, 56, 0, 1),
(84, 68, 0, 1),
(84, 2, 0, 1),
(84, 71, 0, 1),
(84, 88, 0, 3),
(84, 22, 0, 3),
(84, 7, 0, 3),
(84, 28, 0, 3),
(84, 66, 0, 3),
(84, 78, 0, 3),
(84, 60, 0, 3),
(84, 57, 0, 3),
(84, 62, 0, 3),
(84, 34, 0, 3),
(84, 10, 0, 3),
(84, 35, 0, 2),
(84, 5, 0, 2),
(84, 64, 0, 2),
(84, 37, 0, 2),
(84, 38, 0, 2),
(84, 74, 0, 2),
(84, 79, 0, 2),
(84, 55, 0, 2),
(84, 32, 0, 4),
(84, 70, 0, 4),
(84, 9, 0, 4),
(84, 69, 0, 4),
(84, 4, 0, 4),
(85, 63, 0, 1),
(85, 25, 0, 1),
(85, 20, 0, 1),
(85, 56, 0, 1),
(85, 68, 0, 1),
(85, 2, 0, 1),
(85, 71, 0, 1),
(85, 88, 0, 3),
(85, 22, 0, 3),
(85, 7, 0, 3),
(85, 28, 0, 3),
(85, 66, 0, 3),
(85, 78, 0, 3),
(85, 60, 0, 3),
(85, 57, 0, 3),
(85, 62, 1, 3),
(85, 34, 0, 3),
(85, 10, 0, 3),
(85, 35, 0, 2),
(85, 5, 0, 2),
(85, 64, 0, 2),
(85, 37, 0, 2),
(85, 38, 0, 2),
(85, 74, 0, 2),
(85, 79, 0, 2),
(85, 55, 0, 2),
(85, 32, 0, 4),
(85, 70, 0, 4),
(85, 9, 0, 4),
(85, 69, 0, 4),
(85, 4, 0, 4),
(86, 63, 0, 1),
(86, 25, 0, 1),
(86, 20, 0, 1),
(86, 56, 0, 1),
(86, 68, 0, 1),
(86, 2, 0, 1),
(86, 71, 0, 1),
(86, 88, 0, 3),
(86, 22, 0, 3),
(86, 7, 0, 3),
(86, 28, 0, 3),
(86, 66, 0, 3),
(86, 78, 0, 3),
(86, 60, 0, 3),
(86, 57, 0, 3),
(86, 62, 1, 3),
(86, 34, 0, 3),
(86, 10, 0, 3),
(86, 35, 0, 2),
(86, 5, 0, 2),
(86, 64, 0, 2),
(86, 37, 0, 2),
(86, 38, 0, 2),
(86, 74, 0, 2),
(86, 79, 0, 2),
(86, 55, 0, 2),
(86, 32, 0, 4),
(86, 70, 0, 4),
(86, 9, 0, 4),
(86, 69, 0, 4),
(86, 4, 0, 4),
(87, 63, 0, 1),
(87, 25, 0, 1),
(87, 20, 0, 1),
(87, 56, 0, 1),
(87, 68, 0, 1),
(87, 2, 0, 1),
(87, 71, 0, 1),
(87, 88, 0, 3),
(87, 22, 0, 3),
(87, 7, 0, 3),
(87, 28, 0, 3),
(87, 66, 0, 3),
(87, 78, 0, 3),
(87, 60, 0, 3),
(87, 57, 0, 3),
(87, 62, 0, 3),
(87, 34, 1, 3),
(87, 10, 0, 3),
(87, 35, 0, 2),
(87, 5, 0, 2),
(87, 64, 0, 2),
(87, 37, 0, 2),
(87, 38, 0, 2),
(87, 74, 0, 2),
(87, 79, 0, 2),
(87, 55, 0, 2),
(87, 32, 0, 4),
(87, 70, 0, 4),
(87, 9, 0, 4),
(87, 69, 0, 4),
(87, 4, 0, 4),
(88, 63, 0, 1),
(88, 25, 0, 1),
(88, 20, 0, 1),
(88, 56, 0, 1),
(88, 68, 0, 1),
(88, 2, 0, 1),
(88, 71, 0, 1),
(88, 88, 0, 3),
(88, 22, 0, 3),
(88, 7, 0, 3),
(88, 28, 0, 3),
(88, 66, 0, 3),
(88, 78, 0, 3),
(88, 60, 0, 3),
(88, 57, 0, 3),
(88, 62, 0, 3),
(88, 34, 1, 3),
(88, 10, 0, 3),
(88, 35, 0, 2),
(88, 5, 0, 2),
(88, 64, 0, 2),
(88, 37, 0, 2),
(88, 38, 0, 2),
(88, 74, 0, 2),
(88, 79, 0, 2),
(88, 55, 0, 2),
(88, 32, 0, 4),
(88, 70, 0, 4),
(88, 9, 0, 4),
(88, 69, 0, 4),
(88, 4, 0, 4),
(89, 63, 0, 1),
(89, 25, 0, 1),
(89, 20, 0, 1),
(89, 56, 0, 1),
(89, 68, 0, 1),
(89, 2, 0, 1),
(89, 71, 0, 1),
(89, 88, 0, 3),
(89, 22, 0, 3),
(89, 7, 0, 3),
(89, 28, 0, 3),
(89, 66, 0, 3),
(89, 78, 0, 3),
(89, 60, 1, 3),
(89, 57, 0, 3),
(89, 62, 0, 3),
(89, 34, 0, 3),
(89, 10, 0, 3),
(89, 35, 0, 2),
(89, 5, 0, 2),
(89, 64, 0, 2),
(89, 37, 0, 2),
(89, 38, 0, 2),
(89, 74, 0, 2),
(89, 79, 0, 2),
(89, 55, 0, 2),
(89, 32, 0, 4),
(89, 70, 0, 4),
(89, 9, 0, 4),
(89, 69, 0, 4),
(89, 4, 0, 4),
(90, 63, 0, 1),
(90, 25, 0, 1),
(90, 20, 0, 1),
(90, 56, 0, 1),
(90, 68, 0, 1),
(90, 2, 0, 1),
(90, 71, 0, 1),
(90, 88, 0, 3),
(90, 22, 0, 3),
(90, 7, 0, 3),
(90, 28, 0, 3),
(90, 66, 0, 3),
(90, 78, 0, 3),
(90, 60, 1, 3),
(90, 57, 0, 3),
(90, 62, 0, 3),
(90, 34, 0, 3),
(90, 10, 0, 3),
(90, 35, 0, 2),
(90, 5, 0, 2),
(90, 64, 0, 2),
(90, 37, 0, 2),
(90, 38, 0, 2),
(90, 74, 0, 2),
(90, 79, 0, 2),
(90, 55, 0, 2),
(90, 32, 0, 4),
(90, 70, 0, 4),
(90, 9, 0, 4),
(90, 69, 0, 4),
(90, 4, 0, 4),
(91, 63, 0, 1),
(91, 25, 0, 1),
(91, 20, 0, 1),
(91, 56, 0, 1),
(91, 68, 0, 1),
(91, 2, 0, 1),
(91, 71, 0, 1),
(91, 88, 0, 3),
(91, 22, 0, 3),
(91, 7, 0, 3),
(91, 28, 0, 3),
(91, 66, 0, 3),
(91, 78, 0, 3),
(91, 60, 0, 3),
(91, 57, 0, 3),
(91, 62, 0, 3),
(91, 34, 0, 3),
(91, 10, 0, 3),
(91, 35, 0, 2),
(91, 5, 0, 2),
(91, 64, 0, 2),
(91, 37, 0, 2),
(91, 38, 0, 2),
(91, 74, 1, 2),
(91, 79, 0, 2),
(91, 55, 0, 2),
(91, 32, 0, 4),
(91, 70, 0, 4),
(91, 9, 0, 4),
(91, 69, 0, 4),
(91, 4, 0, 4),
(92, 63, 0, 1),
(92, 25, 0, 1),
(92, 20, 0, 1),
(92, 56, 0, 1),
(92, 68, 0, 1),
(92, 2, 0, 1),
(92, 71, 0, 1),
(92, 88, 0, 3),
(92, 22, 0, 3),
(92, 7, 0, 3),
(92, 28, 0, 3),
(92, 66, 0, 3),
(92, 78, 0, 3),
(92, 60, 0, 3),
(92, 57, 0, 3),
(92, 62, 0, 3),
(92, 34, 0, 3),
(92, 10, 0, 3),
(92, 35, 0, 2),
(92, 5, 0, 2),
(92, 64, 0, 2),
(92, 37, 0, 2),
(92, 38, 0, 2),
(92, 74, 1, 2),
(92, 79, 0, 2),
(92, 55, 0, 2),
(92, 32, 0, 4),
(92, 70, 0, 4),
(92, 9, 0, 4),
(92, 69, 0, 4),
(92, 4, 0, 4),
(93, 63, 0, 1),
(93, 25, 0, 1),
(93, 20, 0, 1),
(93, 56, 0, 1),
(93, 68, 0, 1),
(93, 2, 0, 1),
(93, 71, 0, 1),
(93, 88, 0, 3),
(93, 22, 0, 3),
(93, 7, 0, 3),
(93, 28, 0, 3),
(93, 66, 0, 3),
(93, 78, 0, 3),
(93, 60, 0, 3),
(93, 57, 0, 3),
(93, 62, 0, 3),
(93, 34, 0, 3),
(93, 10, 0, 3),
(93, 35, 0, 2),
(93, 5, 0, 2),
(93, 64, 0, 2),
(93, 37, 0, 2),
(93, 38, 0, 2),
(93, 74, 0, 2),
(93, 79, 0, 2),
(93, 55, 1, 2),
(93, 32, 0, 4),
(93, 70, 0, 4),
(93, 9, 0, 4),
(93, 69, 0, 4),
(93, 4, 0, 4),
(94, 63, 0, 1),
(94, 25, 0, 1),
(94, 20, 0, 1),
(94, 56, 0, 1),
(94, 68, 0, 1),
(94, 2, 0, 1),
(94, 71, 0, 1),
(94, 88, 0, 3),
(94, 22, 0, 3),
(94, 7, 0, 3),
(94, 28, 0, 3),
(94, 66, 0, 3),
(94, 78, 0, 3),
(94, 60, 0, 3),
(94, 57, 0, 3),
(94, 62, 0, 3),
(94, 34, 0, 3),
(94, 10, 0, 3),
(94, 35, 0, 2),
(94, 5, 0, 2),
(94, 64, 0, 2),
(94, 37, 0, 2),
(94, 38, 0, 2),
(94, 74, 0, 2),
(94, 79, 0, 2),
(94, 55, 1, 2),
(94, 32, 0, 4),
(94, 70, 0, 4),
(94, 9, 0, 4),
(94, 69, 0, 4),
(94, 4, 0, 4),
(95, 63, 0, 1),
(95, 25, 0, 1),
(95, 20, 0, 1),
(95, 56, 0, 1),
(95, 68, 0, 1),
(95, 2, 0, 1),
(95, 71, 0, 1),
(95, 88, 0, 3),
(95, 22, 0, 3),
(95, 7, 0, 3),
(95, 28, 0, 3),
(95, 66, 0, 3),
(95, 78, 0, 3),
(95, 60, 0, 3),
(95, 57, 0, 3),
(95, 62, 0, 3),
(95, 34, 0, 3),
(95, 10, 0, 3),
(95, 35, 0, 2),
(95, 5, 0, 2),
(95, 64, 0, 2),
(95, 37, 0, 2),
(95, 38, 1, 2),
(95, 74, 0, 2),
(95, 79, 0, 2),
(95, 55, 0, 2),
(95, 32, 0, 4),
(95, 70, 0, 4),
(95, 9, 0, 4),
(95, 69, 0, 4),
(95, 4, 0, 4),
(96, 63, 0, 1),
(96, 25, 0, 1),
(96, 20, 0, 1),
(96, 56, 0, 1),
(96, 68, 0, 1),
(96, 2, 0, 1),
(96, 71, 0, 1),
(96, 88, 0, 3),
(96, 22, 0, 3),
(96, 7, 0, 3),
(96, 28, 0, 3),
(96, 66, 0, 3),
(96, 78, 0, 3),
(96, 60, 0, 3),
(96, 57, 0, 3),
(96, 62, 0, 3),
(96, 34, 0, 3),
(96, 10, 0, 3),
(96, 35, 0, 2),
(96, 5, 0, 2),
(96, 64, 0, 2),
(96, 37, 0, 2),
(96, 38, 1, 2),
(96, 74, 0, 2),
(96, 79, 0, 2),
(96, 55, 0, 2),
(96, 32, 0, 4),
(96, 70, 0, 4),
(96, 9, 0, 4),
(96, 69, 0, 4),
(96, 4, 0, 4),
(97, 63, 0, 1),
(97, 25, 0, 1),
(97, 20, 0, 1),
(97, 56, 0, 1),
(97, 68, 0, 1),
(97, 2, 0, 1),
(97, 71, 0, 1),
(97, 88, 0, 3),
(97, 22, 0, 3),
(97, 7, 0, 3),
(97, 28, 0, 3),
(97, 66, 0, 3),
(97, 78, 0, 3),
(97, 60, 0, 3),
(97, 57, 0, 3),
(97, 62, 0, 3),
(97, 34, 0, 3),
(97, 10, 0, 3),
(97, 35, 0, 2),
(97, 5, 0, 2),
(97, 64, 1, 2),
(97, 37, 0, 2),
(97, 38, 0, 2),
(97, 74, 0, 2),
(97, 79, 0, 2),
(97, 55, 0, 2),
(97, 32, 0, 4),
(97, 70, 0, 4),
(97, 9, 0, 4),
(97, 69, 0, 4),
(97, 4, 0, 4),
(98, 63, 0, 1),
(98, 25, 0, 1),
(98, 20, 0, 1),
(98, 56, 0, 1),
(98, 68, 0, 1),
(98, 2, 0, 1),
(98, 71, 0, 1),
(98, 88, 0, 3),
(98, 22, 0, 3),
(98, 7, 0, 3),
(98, 28, 0, 3),
(98, 66, 0, 3),
(98, 78, 0, 3),
(98, 60, 0, 3),
(98, 57, 0, 3),
(98, 62, 0, 3),
(98, 34, 0, 3),
(98, 10, 0, 3),
(98, 35, 0, 2),
(98, 5, 0, 2),
(98, 64, 1, 2),
(98, 37, 0, 2),
(98, 38, 0, 2),
(98, 74, 0, 2),
(98, 79, 0, 2),
(98, 55, 0, 2),
(98, 32, 0, 4),
(98, 70, 0, 4),
(98, 9, 0, 4),
(98, 69, 0, 4),
(98, 4, 0, 4),
(99, 63, 0, 1),
(99, 25, 0, 1),
(99, 20, 0, 1),
(99, 56, 0, 1),
(99, 68, 0, 1),
(99, 2, 0, 1),
(99, 71, 0, 1),
(99, 88, 0, 3),
(99, 22, 0, 3),
(99, 7, 0, 3),
(99, 28, 0, 3),
(99, 66, 0, 3),
(99, 78, 1, 3),
(99, 60, 0, 3),
(99, 57, 0, 3),
(99, 62, 0, 3),
(99, 34, 0, 3),
(99, 10, 0, 3),
(99, 35, 0, 2),
(99, 5, 0, 2),
(99, 64, 0, 2),
(99, 37, 0, 2),
(99, 38, 0, 2),
(99, 74, 0, 2),
(99, 79, 0, 2),
(99, 55, 0, 2),
(99, 32, 0, 4),
(99, 70, 0, 4),
(99, 9, 0, 4),
(99, 69, 0, 4),
(99, 4, 0, 4),
(100, 63, 0, 1),
(100, 25, 0, 1),
(100, 20, 0, 1),
(100, 56, 0, 1),
(100, 68, 0, 1),
(100, 2, 0, 1),
(100, 71, 0, 1),
(100, 88, 0, 3),
(100, 22, 0, 3),
(100, 7, 0, 3),
(100, 28, 0, 3),
(100, 66, 0, 3),
(100, 78, 1, 3),
(100, 60, 0, 3),
(100, 57, 0, 3),
(100, 62, 0, 3),
(100, 34, 0, 3),
(100, 10, 0, 3),
(100, 35, 0, 2),
(100, 5, 0, 2),
(100, 64, 0, 2),
(100, 37, 0, 2),
(100, 38, 0, 2),
(100, 74, 0, 2),
(100, 79, 0, 2),
(100, 55, 0, 2),
(100, 32, 0, 4),
(100, 70, 0, 4),
(100, 9, 0, 4),
(100, 69, 0, 4),
(100, 4, 0, 4),
(101, 43, 1, 3),
(101, 48, 0, 3),
(101, 63, 0, 1),
(101, 25, 0, 1),
(101, 20, 0, 1),
(101, 56, 0, 1),
(101, 68, 0, 1),
(101, 2, 0, 1),
(101, 71, 0, 1),
(101, 88, 0, 3),
(101, 22, 0, 3),
(101, 7, 0, 3),
(101, 28, 0, 3),
(101, 66, 0, 3),
(101, 78, 0, 3),
(101, 60, 0, 3),
(101, 57, 0, 3),
(101, 62, 0, 3),
(101, 34, 0, 3),
(101, 10, 0, 3),
(101, 35, 0, 2),
(101, 5, 0, 2),
(101, 64, 0, 2),
(101, 37, 0, 2),
(101, 38, 0, 2),
(101, 74, 0, 2),
(101, 79, 0, 2),
(101, 55, 0, 2),
(101, 32, 0, 4),
(101, 70, 0, 4),
(101, 9, 0, 4),
(101, 69, 0, 4),
(101, 4, 0, 4),
(102, 43, 1, 3),
(102, 48, 0, 3),
(102, 63, 0, 1),
(102, 25, 0, 1),
(102, 20, 0, 1),
(102, 56, 0, 1),
(102, 68, 0, 1),
(102, 2, 0, 1),
(102, 71, 0, 1),
(102, 88, 0, 3),
(102, 22, 0, 3),
(102, 7, 0, 3),
(102, 28, 0, 3),
(102, 66, 0, 3),
(102, 78, 0, 3),
(102, 60, 0, 3),
(102, 57, 0, 3),
(102, 62, 0, 3),
(102, 34, 0, 3),
(102, 10, 0, 3),
(102, 35, 0, 2),
(102, 5, 0, 2),
(102, 64, 0, 2),
(102, 37, 0, 2),
(102, 38, 0, 2),
(102, 74, 0, 2),
(102, 79, 0, 2),
(102, 55, 0, 2),
(102, 32, 0, 4),
(102, 70, 0, 4),
(102, 9, 0, 4),
(102, 69, 0, 4),
(102, 4, 0, 4),
(103, 63, 0, 1),
(103, 25, 0, 1),
(103, 20, 0, 1),
(103, 56, 0, 1),
(103, 68, 0, 1),
(103, 2, 0, 1),
(103, 71, 0, 1),
(103, 88, 0, 3),
(103, 22, 0, 3),
(103, 7, 0, 3),
(103, 28, 0, 3),
(103, 66, 0, 3),
(103, 78, 0, 3),
(103, 60, 0, 3),
(103, 57, 1, 3),
(103, 62, 0, 3),
(103, 34, 0, 3),
(103, 10, 0, 3),
(103, 35, 0, 2),
(103, 5, 0, 2),
(103, 64, 0, 2),
(103, 37, 0, 2),
(103, 38, 0, 2),
(103, 74, 0, 2),
(103, 79, 0, 2),
(103, 55, 0, 2),
(103, 32, 0, 4),
(103, 70, 0, 4),
(103, 9, 0, 4),
(103, 69, 0, 4),
(103, 4, 0, 4),
(104, 63, 0, 1),
(104, 25, 0, 1),
(104, 20, 0, 1),
(104, 56, 0, 1),
(104, 68, 0, 1),
(104, 2, 0, 1),
(104, 71, 0, 1),
(104, 88, 0, 3),
(104, 22, 0, 3),
(104, 7, 0, 3),
(104, 28, 0, 3),
(104, 66, 0, 3),
(104, 78, 0, 3),
(104, 60, 0, 3),
(104, 57, 1, 3),
(104, 62, 0, 3),
(104, 34, 0, 3),
(104, 10, 0, 3),
(104, 35, 0, 2),
(104, 5, 0, 2),
(104, 64, 0, 2),
(104, 37, 0, 2),
(104, 38, 0, 2),
(104, 74, 0, 2),
(104, 79, 0, 2),
(104, 55, 0, 2),
(104, 32, 0, 4),
(104, 70, 0, 4),
(104, 9, 0, 4),
(104, 69, 0, 4),
(104, 4, 0, 4),
(105, 63, 0, 1),
(105, 25, 0, 1),
(105, 20, 0, 1),
(105, 56, 0, 1),
(105, 68, 0, 1),
(105, 2, 0, 1),
(105, 71, 0, 1),
(105, 88, 0, 3),
(105, 22, 0, 3),
(105, 7, 0, 3),
(105, 28, 0, 3),
(105, 66, 0, 3),
(105, 78, 0, 3),
(105, 60, 0, 3),
(105, 57, 0, 3),
(105, 62, 0, 3),
(105, 34, 0, 3),
(105, 10, 0, 3),
(105, 35, 0, 2),
(105, 5, 1, 2),
(105, 64, 0, 2),
(105, 37, 0, 2),
(105, 38, 0, 2),
(105, 74, 0, 2),
(105, 79, 0, 2),
(105, 55, 0, 2),
(105, 32, 0, 4),
(105, 70, 0, 4),
(105, 9, 0, 4),
(105, 69, 0, 4),
(105, 4, 0, 4),
(106, 63, 0, 1),
(106, 25, 0, 1),
(106, 20, 0, 1),
(106, 56, 0, 1),
(106, 68, 0, 1),
(106, 2, 0, 1),
(106, 71, 0, 1),
(106, 88, 0, 3),
(106, 22, 0, 3),
(106, 7, 0, 3),
(106, 28, 0, 3),
(106, 66, 0, 3),
(106, 78, 0, 3),
(106, 60, 0, 3),
(106, 57, 0, 3),
(106, 62, 0, 3),
(106, 34, 0, 3),
(106, 10, 0, 3),
(106, 35, 0, 2),
(106, 5, 1, 2),
(106, 64, 0, 2),
(106, 37, 0, 2),
(106, 38, 0, 2),
(106, 74, 0, 2),
(106, 79, 0, 2),
(106, 55, 0, 2),
(106, 32, 0, 4),
(106, 70, 0, 4),
(106, 9, 0, 4),
(106, 69, 0, 4),
(106, 4, 0, 4),
(107, 21, 0, 2),
(107, 63, 0, 1),
(107, 25, 0, 1),
(107, 20, 0, 1),
(107, 56, 0, 1),
(107, 68, 0, 1),
(107, 2, 0, 1),
(107, 71, 0, 1),
(107, 88, 0, 3),
(107, 22, 0, 3),
(107, 7, 0, 3),
(107, 28, 0, 3),
(107, 66, 0, 3),
(107, 78, 0, 3),
(107, 60, 0, 3),
(107, 57, 0, 3),
(107, 62, 0, 3),
(107, 34, 0, 3),
(107, 10, 0, 3),
(107, 35, 1, 2),
(107, 5, 0, 2),
(107, 64, 0, 2),
(107, 37, 0, 2),
(107, 38, 0, 2),
(107, 74, 0, 2),
(107, 79, 0, 2),
(107, 55, 0, 2),
(107, 32, 0, 4),
(107, 70, 0, 4),
(107, 9, 0, 4),
(107, 69, 0, 4),
(107, 4, 0, 4),
(108, 21, 0, 2),
(108, 63, 0, 1),
(108, 25, 0, 1),
(108, 20, 0, 1),
(108, 56, 0, 1),
(108, 68, 0, 1),
(108, 2, 0, 1),
(108, 71, 0, 1),
(108, 88, 0, 3),
(108, 22, 0, 3),
(108, 7, 0, 3),
(108, 28, 0, 3),
(108, 66, 0, 3),
(108, 78, 0, 3),
(108, 60, 0, 3),
(108, 57, 0, 3),
(108, 62, 0, 3),
(108, 34, 0, 3),
(108, 10, 0, 3),
(108, 35, 1, 2),
(108, 5, 0, 2),
(108, 64, 0, 2),
(108, 37, 0, 2),
(108, 38, 0, 2),
(108, 74, 0, 2),
(108, 79, 0, 2),
(108, 55, 0, 2),
(108, 32, 0, 4),
(108, 70, 0, 4),
(108, 9, 0, 4),
(108, 69, 0, 4),
(108, 4, 0, 4),
(109, 94, 1, 3),
(109, 63, 0, 1),
(109, 25, 0, 1),
(109, 20, 0, 1),
(109, 56, 0, 1),
(109, 68, 0, 1),
(109, 2, 0, 1),
(109, 71, 0, 1),
(109, 88, 0, 3),
(109, 22, 0, 3),
(109, 7, 0, 3),
(109, 28, 0, 3),
(109, 66, 0, 3),
(109, 78, 0, 3),
(109, 60, 0, 3),
(109, 57, 0, 3),
(109, 62, 0, 3),
(109, 34, 0, 3),
(109, 10, 0, 3),
(109, 35, 0, 2),
(109, 5, 0, 2),
(109, 64, 0, 2),
(109, 37, 0, 2),
(109, 38, 0, 2),
(109, 74, 0, 2),
(109, 79, 0, 2),
(109, 55, 0, 2),
(109, 32, 0, 4),
(109, 70, 0, 4),
(109, 9, 0, 4),
(109, 69, 0, 4),
(109, 4, 0, 4),
(110, 94, 1, 3),
(110, 63, 0, 1),
(110, 25, 0, 1),
(110, 20, 0, 1),
(110, 56, 0, 1),
(110, 68, 0, 1),
(110, 2, 0, 1),
(110, 71, 0, 1),
(110, 88, 0, 3),
(110, 22, 0, 3),
(110, 7, 0, 3),
(110, 28, 0, 3),
(110, 66, 0, 3),
(110, 78, 0, 3),
(110, 60, 0, 3),
(110, 57, 0, 3),
(110, 62, 0, 3),
(110, 34, 0, 3),
(110, 10, 0, 3),
(110, 35, 0, 2),
(110, 5, 0, 2),
(110, 64, 0, 2),
(110, 37, 0, 2),
(110, 38, 0, 2),
(110, 74, 0, 2),
(110, 79, 0, 2),
(110, 55, 0, 2),
(110, 32, 0, 4),
(110, 70, 0, 4),
(110, 9, 0, 4),
(110, 69, 0, 4),
(110, 4, 0, 4),
(111, 63, 0, 1),
(111, 25, 0, 1),
(111, 20, 0, 1),
(111, 56, 0, 1),
(111, 68, 0, 1),
(111, 2, 0, 1),
(111, 71, 0, 1),
(111, 88, 0, 3),
(111, 22, 0, 3),
(111, 7, 0, 3),
(111, 28, 0, 3),
(111, 66, 0, 3),
(111, 78, 0, 3),
(111, 60, 0, 3),
(111, 57, 0, 3),
(111, 62, 0, 3),
(111, 34, 0, 3),
(111, 10, 0, 3),
(111, 35, 0, 2),
(111, 5, 0, 2),
(111, 64, 0, 2),
(111, 37, 0, 2),
(111, 38, 0, 2),
(111, 74, 0, 2),
(111, 79, 1, 2),
(111, 55, 0, 2),
(111, 32, 0, 4),
(111, 70, 0, 4),
(111, 9, 0, 4),
(111, 69, 0, 4),
(111, 4, 0, 4),
(112, 63, 0, 1),
(112, 25, 0, 1),
(112, 20, 0, 1),
(112, 56, 0, 1),
(112, 68, 0, 1),
(112, 2, 0, 1),
(112, 71, 0, 1),
(112, 88, 0, 3),
(112, 22, 0, 3),
(112, 7, 0, 3),
(112, 28, 0, 3),
(112, 66, 0, 3),
(112, 78, 0, 3),
(112, 60, 0, 3),
(112, 57, 0, 3),
(112, 62, 0, 3),
(112, 34, 0, 3),
(112, 10, 0, 3),
(112, 35, 0, 2),
(112, 5, 0, 2),
(112, 64, 0, 2),
(112, 37, 0, 2),
(112, 38, 0, 2),
(112, 74, 0, 2),
(112, 79, 1, 2),
(112, 55, 0, 2),
(112, 32, 0, 4),
(112, 70, 0, 4),
(112, 9, 0, 4),
(112, 69, 0, 4),
(112, 4, 0, 4),
(113, 63, 0, 1),
(113, 25, 0, 1),
(113, 20, 0, 1),
(113, 56, 0, 1),
(113, 68, 0, 1),
(113, 2, 0, 1),
(113, 71, 0, 1),
(113, 88, 0, 3),
(113, 22, 0, 3),
(113, 7, 0, 3),
(113, 28, 0, 3),
(113, 66, 0, 3),
(113, 78, 0, 3),
(113, 60, 0, 3),
(113, 57, 0, 3),
(113, 62, 0, 3),
(113, 34, 0, 3),
(113, 10, 0, 3),
(113, 35, 0, 2),
(113, 5, 0, 2),
(113, 64, 0, 2),
(113, 37, 0, 2),
(113, 38, 0, 2),
(113, 74, 0, 2),
(113, 79, 0, 2),
(113, 55, 0, 2),
(113, 32, 0, 4),
(113, 70, 0, 4),
(113, 9, 0, 4),
(113, 69, 0, 4),
(113, 4, 0, 4),
(114, 63, 0, 1),
(114, 25, 0, 1),
(114, 20, 0, 1),
(114, 56, 0, 1),
(114, 68, 0, 1),
(114, 2, 0, 1),
(114, 71, 0, 1),
(114, 88, 0, 3),
(114, 22, 0, 3),
(114, 7, 0, 3),
(114, 28, 0, 3),
(114, 66, 0, 3),
(114, 78, 0, 3),
(114, 60, 0, 3),
(114, 57, 0, 3),
(114, 62, 0, 3),
(114, 34, 0, 3),
(114, 10, 0, 3),
(114, 35, 0, 2),
(114, 5, 0, 2),
(114, 64, 0, 2),
(114, 37, 0, 2),
(114, 38, 0, 2),
(114, 74, 0, 2),
(114, 79, 0, 2),
(114, 55, 0, 2);
INSERT INTO `defaultingredients` (`itemID`, `ingID`, `defaultFlag`, `ingCat`) VALUES
(114, 32, 0, 4),
(114, 70, 0, 4),
(114, 9, 0, 4),
(114, 69, 0, 4),
(114, 4, 0, 4),
(115, 63, 0, 1),
(115, 25, 0, 1),
(115, 20, 0, 1),
(115, 56, 0, 1),
(115, 68, 0, 1),
(115, 2, 0, 1),
(115, 71, 0, 1),
(115, 88, 0, 3),
(115, 22, 0, 3),
(115, 7, 0, 3),
(115, 28, 0, 3),
(115, 66, 0, 3),
(115, 78, 0, 3),
(115, 60, 0, 3),
(115, 57, 0, 3),
(115, 62, 0, 3),
(115, 34, 0, 3),
(115, 10, 0, 3),
(115, 35, 0, 2),
(115, 5, 0, 2),
(115, 64, 0, 2),
(115, 37, 0, 2),
(115, 38, 0, 2),
(115, 74, 0, 2),
(115, 79, 0, 2),
(115, 55, 0, 2),
(115, 32, 0, 4),
(115, 70, 0, 4),
(115, 9, 0, 4),
(115, 69, 0, 4),
(115, 4, 0, 4),
(116, 63, 0, 1),
(116, 25, 0, 1),
(116, 20, 0, 1),
(116, 56, 0, 1),
(116, 68, 0, 1),
(116, 2, 0, 1),
(116, 71, 0, 1),
(116, 88, 0, 3),
(116, 22, 0, 3),
(116, 7, 0, 3),
(116, 28, 0, 3),
(116, 66, 0, 3),
(116, 78, 0, 3),
(116, 60, 0, 3),
(116, 57, 0, 3),
(116, 62, 0, 3),
(116, 34, 0, 3),
(116, 10, 0, 3),
(116, 35, 0, 2),
(116, 5, 0, 2),
(116, 64, 0, 2),
(116, 37, 0, 2),
(116, 38, 0, 2),
(116, 74, 0, 2),
(116, 79, 0, 2),
(116, 55, 0, 2),
(116, 32, 0, 4),
(116, 70, 0, 4),
(116, 9, 0, 4),
(116, 69, 0, 4),
(116, 4, 0, 4),
(117, 63, 0, 1),
(117, 25, 0, 1),
(117, 20, 0, 1),
(117, 56, 0, 1),
(117, 68, 0, 1),
(117, 2, 0, 1),
(117, 71, 0, 1),
(117, 88, 0, 3),
(117, 22, 0, 3),
(117, 7, 0, 3),
(117, 28, 0, 3),
(117, 66, 0, 3),
(117, 78, 0, 3),
(117, 60, 0, 3),
(117, 57, 0, 3),
(117, 62, 0, 3),
(117, 34, 0, 3),
(117, 10, 0, 3),
(117, 35, 0, 2),
(117, 5, 0, 2),
(117, 64, 0, 2),
(117, 37, 0, 2),
(117, 38, 0, 2),
(117, 74, 0, 2),
(117, 79, 0, 2),
(117, 55, 0, 2),
(117, 32, 0, 4),
(117, 70, 0, 4),
(117, 9, 0, 4),
(117, 69, 0, 4),
(117, 4, 0, 4),
(118, 63, 0, 1),
(118, 25, 0, 1),
(118, 20, 0, 1),
(118, 56, 0, 1),
(118, 68, 0, 1),
(118, 2, 0, 1),
(118, 71, 0, 1),
(118, 88, 0, 3),
(118, 22, 0, 3),
(118, 7, 0, 3),
(118, 28, 0, 3),
(118, 66, 0, 3),
(118, 78, 0, 3),
(118, 60, 0, 3),
(118, 57, 0, 3),
(118, 62, 0, 3),
(118, 34, 0, 3),
(118, 10, 0, 3),
(118, 35, 0, 2),
(118, 5, 0, 2),
(118, 64, 0, 2),
(118, 37, 0, 2),
(118, 38, 0, 2),
(118, 74, 0, 2),
(118, 79, 0, 2),
(118, 55, 0, 2),
(118, 32, 0, 4),
(118, 70, 0, 4),
(118, 9, 0, 4),
(118, 69, 0, 4),
(118, 4, 0, 4),
(3, 66, 1, 3),
(4, 66, 1, 3);

-- --------------------------------------------------------

--
-- Table structure for table `ingredients`
--

CREATE TABLE IF NOT EXISTS `ingredients` (
  `ingID` int(5) NOT NULL,
  `ingName` varchar(30) NOT NULL,
  `ingNiceName` varchar(30) NOT NULL,
  `ingPrice` double NOT NULL
) ENGINE=InnoDB DEFAULT CHARSET=latin1;

--
-- Dumping data for table `ingredients`
--

INSERT INTO `ingredients` (`ingID`, `ingName`, `ingNiceName`, `ingPrice`) VALUES
(1, 'alfredo', 'Alfredo Sauce', 0.5),
(2, 'americanCheese', 'American Cheese', 0.5),
(3, 'artichoke', 'Artichoke Hearts', 0.5),
(4, 'BBQ', 'BBQ', 0.5),
(5, 'bacon', 'Bacon', 0.5),
(6, 'bananaPeppers', 'Banana Peppers', 0.5),
(7, 'basil', 'Fresh Basil', 0.5),
(8, 'beef', 'Beef', 0.5),
(9, 'blueCheese', 'Blue Cheese', 0.5),
(10, 'broccoli', 'Broccoli', 0.5),
(11, 'buffalo', 'Buffalo', 0.5),
(12, 'butter', 'Butter', 0.5),
(13, 'caesar', 'Caesar Dressing', 0.5),
(14, 'cajun', 'Cajun', 0.5),
(15, 'cherries', 'Cherries', 0.5),
(16, 'chipotleBBQ', 'Chipotle BBQ', 0.5),
(17, 'clamStrips', 'Clam Strips', 0.5),
(18, 'coleslaw', 'Coleslaw', 0.5),
(19, 'cookedSalami', 'Cooked Salami', 0.5),
(20, 'creamyCheddar', 'Creamy Cheddar', 0.5),
(21, 'crispyChicken', 'Crispy Chicken', 0.5),
(22, 'eggplant', 'Eggplant', 0.5),
(23, 'eggs', 'Eggs', 0.5),
(24, 'falafel', 'Falafel', 0.5),
(25, 'fetaCheese', 'Feta Cheese', 0.5),
(26, 'fire', 'Fire', 0.5),
(27, 'friedEgg', 'Fried Egg', 0.5),
(28, 'garlic', 'Fresh Garlic', 0.5),
(29, 'garlicParm', 'Garlic Parmesan', 0.5),
(30, 'gernealTso', 'General Tso', 0.5),
(31, 'genoaSalami', 'Genoa Salami', 0.5),
(32, 'goldFever', 'Gold Fever', 0.5),
(33, 'greek', 'Greek Dressing', 0.5),
(34, 'greenPeppers', 'Green Peppers', 0.5),
(35, 'grilledChicken', 'Grilled Chicken', 0.5),
(36, 'haddock', 'Haddock', 0.5),
(37, 'ham', 'Ham', 0.5),
(38, 'hamburger', 'Hamburger', 0.5),
(39, 'handCutFries', 'Hand Cut Fries', 0.5),
(40, 'homemadeBBQ', 'Homemade BBQ', 0.5),
(41, 'honeyBBQ', 'Honey BBQ', 0.5),
(42, 'honeyMustard', 'Honey Mustard', 0.5),
(43, 'hotPeppers', 'Hot Peppers', 0.5),
(44, 'hotSauce', 'Hot Sauce', 0.5),
(45, 'hummus', 'Hummus', 0.5),
(46, 'italian', 'Italian Dressing', 0.5),
(47, 'jackDaniels', 'Jack Daniels BBQ', 0.5),
(48, 'jalapenoPeppers', 'Jalapeno Peppers', 0.5),
(49, 'jambalaya', 'Jambalaya', 0.5),
(50, 'ketchup', 'Ketchup', 0.5),
(51, 'lettuce', 'Lettuce', 0.5),
(52, 'macAndCheese', 'Mac And Cheese', 0.5),
(53, 'marinara', 'Marinara Sauce', 0.5),
(54, 'mayo', 'Mayo', 0.5),
(55, 'meatball', 'Meatball', 0.5),
(56, 'mozzarellaCheese', 'Mozzarella Cheese', 0.5),
(57, 'mushrooms', 'Mushrooms', 0.5),
(58, 'mustard', 'Mustard', 0.5),
(59, 'nachoChips', 'Nacho Chips', 0.5),
(60, 'olives', 'Olives', 0.5),
(61, 'onionFries', 'Onion Fires', 0.5),
(62, 'onions', 'Onions', 0.5),
(63, 'parmesanCheese', 'Parmesan Cheese', 0.5),
(64, 'pepperoni', 'Pepperoni', 0.5),
(65, 'pickles', 'Pickles', 0.5),
(66, 'pineapple', 'Pineapple', 0.5),
(67, 'plainSauce', 'Plain Sauce', 0.5),
(68, 'provoloneCheese', 'Provolone Cheese', 0.5),
(69, 'ranch', 'Ranch', 0.5),
(70, 'redSauce', 'Red Sauce', 0.5),
(71, 'ricottaCheese', 'Ricotta Cheese', 0.5),
(72, 'roastBeef', 'Roast Beef', 0.5),
(73, 'salsa', 'Salsa', 0.5),
(74, 'sausage', 'Sausage', 0.5),
(75, 'scallops', 'Scallops', 0.5),
(76, 'shrimp', 'Shrimp', 0.5),
(77, 'sourCream', 'Sour Cream', 0.5),
(78, 'spinach', 'Spinach', 0.5),
(79, 'steak', 'Steak', 0.5),
(80, 'suddenDeath', 'Sudden Death', 0.5),
(81, 'sweetChili', 'Sweet Chili', 0.5),
(82, 'sweetJackWhiskey', 'Sweet Jack Whiskey', 0.5),
(83, 'sweetPotatoFries', 'Sweet Potato Fries', 0.5),
(84, 'sweetNSour', 'Sweet n'' Sour', 0.5),
(85, 'tacoMeat', 'Taco Meat', 0.5),
(86, 'tartarSauce', 'Tartar sauce', 0.5),
(87, 'teriyaki', 'Teriyaki', 0.5),
(88, 'tomatoes', 'Tomatoes', 0.5),
(89, 'tuna', 'Tuna', 0.5),
(90, 'turkey', 'Turkey', 0.5),
(91, 'veal', 'Veal', 0.5),
(92, 'salsa', 'Salsa Base', 0.5),
(93, 'spaghetti', 'Spaghetti', 0.5),
(94, 'pastrami', 'Pastrami', 0.5);

-- --------------------------------------------------------

--
-- Table structure for table `items`
--

CREATE TABLE IF NOT EXISTS `items` (
  `itemID` int(5) NOT NULL,
  `itemName` varchar(30) NOT NULL,
  `itemPrice` double NOT NULL,
  `itemSmallPrice` double NOT NULL,
  `itemDesc` text NOT NULL,
  `catID` int(5) NOT NULL,
  `niceName` varchar(50) NOT NULL,
  `defaultItemID` int(5) NOT NULL
) ENGINE=InnoDB DEFAULT CHARSET=latin1;

--
-- Dumping data for table `items`
--

INSERT INTO `items` (`itemID`, `itemName`, `itemPrice`, `itemSmallPrice`, `itemDesc`, `catID`, `niceName`, `defaultItemID`) VALUES
(1, 'tomatoBasilSM', 8.75, 8.75, 'Plum tomatoes, fresh basil, fresh garlic and parmesan cheese\r\nEach additional topping upon request add $1.25 sm and $1.75 lg', 1, 'Tomato Basil', 1),
(2, 'tomatoBasilLG', 13.25, 8.75, 'Plum tomatoes, fresh basil, fresh garlic and parmesan cheese\r\nEach additional topping upon request add $1.25 sm and $1.75 lg', 1, 'Tomato Basil', 1),
(3, 'hawaiianSM', 8.75, 8.75, 'Ham, Pinapple. Cherriers upon request add 50cents sm and $1.00 lg', 1, 'Hawaiian', 2),
(4, 'hawaiianLG', 13.25, 8.75, 'Ham, Pinapple. Cherriers upon request add 50cents sm and $1.00 lg', 1, 'Hawaiian', 2),
(5, 'greekSM', 11, 11, 'Feta, spinach, tomatoes, olives', 1, 'Greek', 3),
(6, 'greekLG', 16.75, 11, 'Feta, spinach, tomatoes, olives', 1, 'Greek', 3),
(7, 'meatLoversSM', 11, 11, 'Bacon, pepperoni, ham, hamburger, sausage', 1, 'Meat Lovers', 4),
(8, 'meatLoversLG', 16.75, 11, 'Bacon, pepperoni, ham, hamburger, sausage', 1, 'Meat Lovers', 4),
(9, 'buffaloChickenSM', 8.75, 8.75, 'Buffalo chicken tenders over red sauce base. Blue cheese or ranch base available upon request.', 1, 'Buffalo Chicken', 5),
(10, 'buffaloChickenLG', 13.25, 8.75, 'Buffalo chicken tenders over red sauce base. Blue cheese or ranch base available upon request.', 1, 'Buffalo Chicken', 5),
(11, 'BBQChickenPizzaSM', 8.75, 8.75, 'BBQ sauce base with our homemade grilled chicken', 1, 'BBQ Chicken Pizza', 6),
(12, 'BBQChickenPizzaLG', 13.25, 8.75, 'BBQ sauce base with our homemade grilled chicken', 1, 'BBQ Chicken Pizza', 6),
(13, 'tacoPizzaSM', 11, 11, 'Salsa base covered with taco meat, olives, nacho chips, diced tomatoes and lettuce on top. Sour cream and salsa upon request.', 1, 'Taco Pizza', 7),
(14, 'tacoPizzaLG', 16.75, 11, 'Salsa base covered with taco meat, olives, nacho chips, diced tomatoes and lettuce on top. Sour cream and salsa upon request.', 1, 'Taco Pizza', 7),
(15, 'veggieLoversSM', 11, 11, 'Mushroom, onions, pepper, broccoli, tomato', 1, 'Veggie Lovers', 8),
(16, 'veggieLoversLG', 16.75, 11, 'Mushroom, onions, pepper, broccoli, tomato', 1, 'Veggie Lovers', 8),
(17, 'moussakaSM', 13.25, 8.75, 'Hamburger and eggplant over red sauce ', 1, 'Moussaka', 9),
(18, 'moussakaLG', 13.25, 8.75, 'Hamburger and eggplant over red sauce ', 1, 'Moussaka', 9),
(19, 'caesarSM', 11, 11, 'Grilled chicken, spinach, diced tomatoes, topped with caesar dressing', 1, 'Caesar', 10),
(20, 'caesarLG', 16.75, 11, 'Grilled chicken, spinach, diced tomatoes, topped with caesar dressing', 1, 'Caesar', 10),
(21, 'cindy''sComboSM', 11, 11, 'Grilled chicken, tomatoes, spinach and feta', 1, 'Cindy''s Combo', 11),
(22, 'cindy''sComboLG', 16.75, 11, 'Grilled chicken, tomatoes, spinach and feta', 1, 'Cindy''s Combo', 11),
(23, 'baconCheeseburgerSM', 8.75, 8.75, 'Hamburger and bacon. Ketchup, lettuce and tomatoes upon request ', 1, 'Bacon Cheeseburger', 12),
(24, 'baconCheeseburgerLG', 13.25, 8.75, 'Hamburger and bacon. Ketchup, lettuce and tomatoes upon request ', 1, 'Bacon Cheeseburger', 12),
(25, 'fajitaSM', 11, 11, 'With your choice of chicken, steak or shrimp with grilled onions and peppers on a salsa based pizza ', 1, 'Fajita ', 13),
(26, 'fajitaLG', 16.75, 11, 'With your choice of chicken, steak or shrimp with grilled onions and peppers on a salsa based pizza ', 1, 'Fajita ', 13),
(27, 'superSteakPizzaSM', 11, 11, 'Shaved steak with onions, peppers and mushrooms', 1, 'Super Steak Pizza', 14),
(28, 'superSteakPizzaLG', 16.75, 11, 'Shaved steak with onions, peppers and mushrooms', 1, 'Super Steak Pizza', 14),
(29, 'potatoSkinSM', 8.75, 8.75, 'Our hand cut fries, bacon and creamy cheddar. Sour cream upon request', 1, 'Potato Skin', 15),
(30, 'potatoSkinLG', 13.25, 8.75, 'Our hand cut fries, bacon and creamy cheddar. Sour cream upon request', 1, 'Potato Skin', 15),
(31, 'broccoliACheddarPotatoSkinSM', 8.75, 8.75, 'The name explains it!!', 1, 'Broccoli and Cheddar Potato Skin', 16),
(32, 'broccoliACheddarPotatoSkinLG', 13.25, 8.75, 'The name explains it!!', 1, 'Broccoli and Cheddar Potato Skin', 16),
(33, 'GrillChixOrShrimpBrocAlfredoSM', 11, 11, '', 1, 'Grilled Chicken or Shrimp Broccoli Alfredo', 17),
(34, 'GrillChixOrShrimpBrocAlfredoLG', 16.75, 11, '', 1, 'Grilled Chicken or Shrimp Broccoli Alfredo', 17),
(35, 'GrillChixOrShrimpSpinAlfredoSM', 11, 11, '', 1, 'Grilled Chicken or Shrimp Spinach Alfredo', 18),
(36, 'GrillChixOrShrimpSpinAlfredoLG', 16.75, 11, '', 1, 'Grilled Chicken or Shrimp Spinach Alfredo', 18),
(37, 'rajunCajunSM', 11, 11, 'With your choice of cajun spiced grilled chicken or cajun spiced shrimp, tomatoes, onions and hot pepper rings', 1, 'Rajun Cajun', 19),
(38, 'rajunCajunLG', 16.75, 11, 'With your choice of cajun spiced grilled chicken or cajun spiced shrimp, tomatoes, onions and hot pepper rings', 1, 'Rajun Cajun', 19),
(39, 'fiveCheeseSM', 11, 11, 'Mozzarella, provolone, cheddar, feta, parm', 1, 'Five Cheese', 20),
(40, 'fiveCheeseLG', 16.75, 11, 'Mozzarella, provolone, cheddar, feta, parm', 1, 'Five Cheese', 20),
(41, 'BLTPizzaSM', 8.75, 8.75, 'Bacon, lettuce and tomato', 1, 'BLT Pizza', 21),
(42, 'BLTPizzaLG', 13.25, 8.75, 'Bacon, lettuce and tomato', 1, 'BLT Pizza', 21),
(43, 'bellyBusterSM', 11, 11, 'Ham, cooked salami, genoa, pepperoni, lettuce and tomato', 1, 'Belly Buster', 22),
(44, 'bellyBusterLG', 16.75, 11, 'Ham, cooked salami, genoa, pepperoni, lettuce and tomato', 1, 'Belly Buster', 22),
(45, 'macAndCheeseSM', 8.75, 8.75, '', 1, 'Mac and Cheese', 23),
(46, 'macAndCheeseLG', 13.25, 8.75, '', 1, 'Mac and Cheese', 23),
(47, 'macAndCheeseBaconSM', 11, 11, '', 1, 'Mac and Cheese Bacon Pizza', 24),
(48, 'macAndCheeseBaconLG', 16.75, 11, '', 1, 'Mac and Cheese Bacon Pizza', 24),
(49, 'spaghettiAndMeatballPizzaSM', 8.75, 8.75, '', 1, 'Spaghetti and Meatball Pizza', 25),
(50, 'spaghettiAndMeatballPizzaLG', 13.25, 8.75, '', 1, 'Spaghetti and Meatball Pizza', 25),
(51, 'breakfastCalzoneSM', 11, 11, 'Served only as a calzone. Eggs, American cheese, sausage, ham and bacon', 1, 'Breakfast Calzone', 26),
(52, 'breakfastCalzoneLG', 16.75, 11, 'Served only as a calzone. Eggs, American cheese, sausage, ham and bacon', 1, 'Breakfast Calzone', 26),
(53, 'goldFeverSM', 11, 11, 'Ranch, breaded chicken, bacon, topped with gold fever sauce ', 1, 'Gold Fever', 27),
(54, 'goldFeverLG', 16.75, 11, 'Ranch, breaded chicken, bacon, topped with gold fever sauce ', 1, 'Gold Fever', 27),
(55, 'grilledChickenBaconRanchSM', 11, 11, '', 1, 'Grilled Chicken Bacon Ranch', 28),
(56, 'grilledChickenBaconRanchLG', 16.75, 11, '', 1, 'Grilled Chicken Bacon Ranch', 28),
(57, 'florentineSM', 11, 11, 'Fresh spinach, olives, feta, tomatoes, fresh basil, fresh garlic, parmesan', 1, 'Florentine', 29),
(58, 'florentineLG', 16.75, 11, 'Fresh spinach, olives, feta, tomatoes, fresh basil, fresh garlic, parmesan', 1, 'Florentine', 29),
(59, 'spinachChiffonadeSM', 11, 11, 'Fresh spinach, tomatoes, bacon, fresh garlic, basil, parmesan', 1, 'Spinach Chiffonade ', 30),
(60, 'spinachChiffonadeLG', 16.75, 11, 'Fresh spinach, tomatoes, bacon, fresh garlic, basil, parmesan', 1, 'Spinach Chiffonade ', 30),
(61, 'broccoliChiffonadeSM', 11, 11, 'Fresh broccoli, tomatoes, bacon, fresh garlic, basil, parmesan', 1, 'Broccoli Chiffonade ', 31),
(62, 'broccoliChiffonadeLG', 16.75, 11, 'Fresh broccoli, tomatoes, bacon, fresh garlic, basil, parmesan', 1, 'Broccoli Chiffonade ', 31),
(63, 'spinachRIcottaSM', 11, 11, 'Fresh spinach, ricotta, tomatoes, fresh garlic, basil, parmesan', 1, 'Spinach RIcotta', 32),
(64, 'spinachRIcottaLG', 16.75, 11, 'Fresh spinach, ricotta, tomatoes, fresh garlic, basil, parmesan', 1, 'Spinach RIcotta', 32),
(65, 'broccoliRicottaSM', 11, 11, 'w/ tomatoes, fresh garlic, basil, parmesan', 1, 'Broccoli Ricotta ', 33),
(66, 'broccoliRicottaLG', 16.75, 11, 'w/ tomatoes, fresh garlic, basil, parmesan', 1, 'Broccoli Ricotta ', 33),
(67, 'baconRicottaSM', 11, 11, 'w/ tomatoes, fresh garlic, basil, parmesan', 1, 'Bacon Ricotta', 34),
(68, 'baconRicottaLG', 16, 16, 'w/ tomatoes, fresh garlic, basil, parmesan', 1, 'Bacon Ricotta', 34),
(69, 'pepperoniRicottaSM', 11, 11, 'w/ tomatoes, fresh garlic, basil, parmesan', 1, 'Pepperoni Ricotta', 35),
(70, 'pepperoniRicottaLG', 16.75, 11, 'w/ tomatoes, fresh garlic, basil, parmesan', 1, 'Pepperoni Ricotta', 35),
(71, 'chickenTangoSM', 11, 11, 'Grilled chicken, broccoli, tomatoes, fresh garlic, basil, parmesan', 1, 'Chicken Tango', 36),
(72, 'chickenTangoLG', 16.75, 11, 'Grilled chicken, broccoli, tomatoes, fresh garlic, basil, parmesan', 1, 'Chicken Tango', 36),
(73, 'melanzanaSM', 11, 11, 'Eggplant, tomatoes, fresh garlic, basil, parmesan', 1, 'Melanzana', 37),
(74, 'melanzanaLG', 16.75, 11, 'Eggplant, tomatoes, fresh garlic, basil, parmesan', 1, 'Melanzana', 37),
(75, 'heartSmartSM', 11, 11, 'Fresh mushrooms, broccoli, peppers, onions, tomatoes, fresh garlic, basil, parmesan', 1, 'Heart Smart', 38),
(76, 'heartSmartLG', 16.75, 11, 'Fresh mushrooms, broccoli, peppers, onions, tomatoes, fresh garlic, basil, parmesan', 1, 'Heart Smart', 38),
(77, 'californiaPizzaSM', 11, 11, 'Artichoke hearts, black olives, tomatoes, fresh garlic, basil, parmesan', 1, 'California Pizza', 39),
(78, 'californiaPizzaLG', 16.75, 11, 'Artichoke hearts, black olives, tomatoes, fresh garlic, basil, parmesan', 1, 'California Pizza', 39),
(79, 'chickenFlorentineSM', 11, 11, 'Grilled chicken, fresh spinach, tomatoes, fresh garlic, basil, parmesan', 1, 'Chicken Florentine', 40),
(80, 'chickenFlorentineLG', 16.75, 11, 'Grilled chicken, fresh spinach, tomatoes, fresh garlic, basil, parmesan', 1, 'Chicken Florentine', 40),
(81, 'mediterraneanSM', 11, 11, 'Tomatoes, olives, feta, fresh garlic, basil, parmesan', 1, 'Mediterranean', 41),
(82, 'mediterraneanLG', 16.75, 11, 'Tomatoes, olives, feta, fresh garlic, basil, parmesan', 1, 'Mediterranean', 41),
(83, 'cheeseSM', 6.25, 6.25, '', 2, 'Cheese', 42),
(84, 'cheeseLG', 9.75, 6.25, '', 2, 'Cheese', 42),
(85, 'onionSM', 7.5, 7.5, '', 2, 'Onion', 43),
(86, 'onionLG', 11.5, 7.5, '', 2, 'Onion', 43),
(87, 'greenPepperSM', 7.5, 7.5, '', 2, 'Green Pepper ', 44),
(88, 'greenPepperLG ', 11.5, 7.5, '', 2, 'Green Pepper ', 44),
(89, 'olivesSM', 7.5, 7.5, '', 2, 'Olives', 45),
(90, 'olivesLG', 11.5, 7.5, '', 2, 'Olives', 45),
(91, 'sausageLG', 7.5, 7.5, '', 2, 'Sausage', 46),
(92, 'sausageLG', 11.5, 7.5, '', 2, 'Sausage', 46),
(93, 'slicedMeatballSM', 7.5, 7.5, '', 2, 'Sliced Meatball', 47),
(94, 'slicedMeatballLG', 11.5, 7.5, '', 2, 'Sliced Meatball', 47),
(95, 'hamburgSM', 7.5, 7.5, '', 2, 'Hamburg', 48),
(96, 'hamburgLG', 11.5, 7.5, '', 2, 'Hamburg', 48),
(97, 'pepperoniSM', 7.5, 7.5, '', 2, 'Pepperoni', 49),
(98, 'pepperoniLG', 11.5, 7.5, '', 2, 'Pepperoni', 49),
(99, 'spinachOrBroccoliSM', 7.5, 7.5, '', 2, 'Spinach or Broccoli', 50),
(100, 'spinachOrBroccoliLG', 11.5, 7.5, '', 2, 'Spinach or Broccoli', 50),
(101, 'hotOrJalapenoPeppersSM', 7.5, 7.5, '', 2, 'Hot Pepper Rings or Jalapeno Peppers', 51),
(102, 'hotOrJalapenoPeppersLG', 11.5, 7.5, '', 2, 'Hot Pepper Rings or Jalapeno Peppers', 51),
(103, 'mushroomSM', 8, 8, '', 2, 'Mushroom', 52),
(104, 'mushroomLG', 12, 8, '', 2, 'Mushroom', 52),
(105, 'baconSM', 8, 8, '', 2, 'Bacon', 53),
(106, 'baconLG', 12, 8, '', 2, 'Bacon', 53),
(107, 'chickenSM', 8, 8, 'Grilled or breaded', 2, 'Chicken', 54),
(108, 'chickenLG', 12, 8, 'Grilled or breaded', 2, 'Chicken', 54),
(109, 'pastramiSM', 8.75, 8.75, '', 2, 'Pastrami', 55),
(110, 'pastramiLG', 13.25, 8.75, '', 2, 'Pastrami', 55),
(111, 'steakSM', 8.75, 8.75, '', 2, 'Steak', 56),
(112, 'steakLG', 13.25, 8.75, '', 2, 'Steak', 56),
(113, 'randys''SpecialSM', 11, 11, '', 2, 'Randy''s Special', 57),
(114, 'randys''SpecialLG', 16.75, 11, '', 2, 'Randy''s Special', 57),
(115, '2toppingsSM', 8.75, 8.75, '', 2, '2 Toppings', 58),
(116, '2toppingsLG', 13.25, 8.75, '', 2, '2 Toppings', 58),
(117, '3toppingsSM', 10, 10, '', 2, '3 Toppings', 59),
(118, '3toppingsLG', 15, 10, '', 2, '3 Toppings', 59),
(119, 'grilledChickenCaesar', 7.25, 7.25, '', 3, 'Grilled Chicken Caesar', 60),
(120, 'taco', 15, 7.25, 'Taco meat, lettuce, tomato, black olives, sour cream & mozzarella', 3, 'Taco', 61),
(121, 'falafelAndHummus', 7.25, 7.25, '', 3, 'Falafel & Hummus', 62),
(122, 'superSteak', 7.25, 7.25, '', 3, 'Super Steak', 63),
(123, 'breakfastBurrito', 7.25, 7.25, '', 3, 'Breakfast Burrito', 64),
(124, 'chickenFajita', 7.25, 7.25, '', 3, 'Chicken Fajita', 65),
(125, 'grilledVeggie', 7.25, 7.25, '', 3, 'Grilled Veggie', 66),
(126, 'greek', 7.25, 7.25, '', 3, 'Greek', 67),
(127, 'cajun', 7.25, 7.25, 'Steak, chicken or shrimp', 3, 'Cajun', 68),
(128, 'chickenStirFry', 7.25, 7.25, '', 3, 'Chicken Stir Fry', 69),
(129, 'gyro', 7.25, 7.25, 'Beef or Chicken', 3, 'Gyro', 70),
(130, 'crispyChicken', 7.25, 7.25, 'Choice of Sweet Jack Whiskey, Buffalo, Honey Mustard, Sweet n'' Sour, Honey BBQ, Jack Daniels BBQ, Gold Fever, Sweet Chili, Ranch, Chipotle BBQ, General Tso *Grilled is also available', 3, 'Crispy Chicken', 71),
(131, 'crispyChickenClubSM', 7, 7, 'Bacon, lettuce, tomatoes, mayo', 4, 'Crispy Chicken Club', 72),
(132, 'crispyChickenClubLG', 8.25, 7, 'Bacon, lettuce, tomatoes, mayo', 4, 'Crispy Chicken Club', 72),
(133, 'ranchoChickenClubSM', 7, 7, 'Crispy chicken fingers, bacon, ranch, lettuce and tomato', 4, 'Rancho Chicken Club', 73),
(134, 'ranchoChickenClubLG', 8.25, 7, 'Crispy chicken fingers, bacon, ranch, lettuce and tomato', 4, 'Rancho Chicken Club', 73),
(135, 'honeyMustardChickenSM', 7, 7, 'Our homemade honey mustard, crispy chicken fingers, lettuce and tomato', 4, 'Honey Mustard Chicken', 74),
(136, 'honeyMustardChickenLG', 8.25, 7, 'Our homemade honey mustard, crispy chicken fingers, lettuce and tomato', 4, 'Honey Mustard Chicken', 74),
(137, 'sweetAndSourChickenSM', 7, 7, 'Crispy chicken fingers, sweet and sour sauce, lettuce and tomato', 4, 'Sweet And Sour Chicken', 75),
(138, 'sweetAndSourChickenLG', 8.25, 7, 'Crispy chicken fingers, sweet and sour sauce, lettuce and tomato', 4, 'Sweet And Sour Chicken', 75),
(139, 'chickenStirFrySM', 7, 7, 'Chicken, onions, green peppers, mushrooms and grilled to perfection tossed in teriyaki', 4, 'Chicken Stir Fry', 76),
(140, 'chickenStirFryLG', 8.25, 7, 'Chicken, onions, green peppers, mushrooms and grilled to perfection tossed in teriyaki', 4, 'Chicken Stir Fry', 76),
(141, 'buffaloChickenGrinderSM', 7, 7, 'Crispy chicken, smothered in hot sauce, blue cheese, lettuce and tomato', 4, 'Buffalo Chicken', 77),
(142, 'buffaloChickenGrinderSM', 8.25, 7, 'Crispy chicken, smothered in hot sauce, blue cheese, lettuce and tomato', 4, 'Buffalo Chicken', 77),
(143, 'BBQRoastBeefSM', 7, 7, 'Roast beef grilled and smothered in bbq sauce with American cheese', 4, 'BBQ Roast Beef', 78),
(144, 'BBQRoastBeefLG', 8.25, 7, 'Roast beef grilled and smothered in bbq sauce with American cheese', 4, 'BBQ Roast Beef', 78),
(145, 'meatlessSM', 5.25, 5.25, '', 5, 'Meatless', 79),
(146, 'meatlessLG', 6.25, 5.25, '', 5, 'Meatless', 79),
(147, 'italianSM', 6.25, 6.25, '', 5, 'Italian', 80),
(148, 'italianLG', 7.25, 6.25, '', 5, 'Italian', 80),
(149, 'salamiSM', 6.25, 6.25, 'Cooked or genoa', 5, 'Salami', 81),
(150, 'salamiLG', 7.25, 6.25, 'Cooked or genoa', 5, 'Salami', 81),
(151, 'hamSM', 6.25, 6.25, '', 5, 'Ham', 82),
(152, 'hamLG', 7.25, 6.25, '', 5, 'Ham', 82),
(153, 'roastBeefSM', 6.25, 6.25, 'Served with provolone cheese, mayo, lettuce, tomatoes and onions', 8, 'Roast Beef', 83),
(154, 'roastBeefLG', 7.25, 6.25, 'Served with provolone cheese, mayo, lettuce, tomatoes and onions', 8, 'Roast Beef', 83),
(155, 'turkeySM', 6.25, 6.25, 'Served with provolone cheese, mayo, lettuce, tomatoes and onions', 5, 'Turkey', 84),
(156, 'turkeyLG', 7.25, 6.25, 'Served with provolone cheese, mayo, lettuce, tomatoes and onions', 5, 'Turkey', 84),
(157, 'turkeyWBaconSM', 6.5, 6.5, 'Served with provolone cheese, mayo, lettuce, tomatoes and onions', 5, 'Turkey with Bacon', 85),
(158, 'turkeyWBaconLG', 7.75, 6.5, 'Served with provolone cheese, mayo, lettuce, tomatoes and onions', 5, 'Turkey with Bacon', 85),
(159, 'tunaSM', 6.25, 6.25, 'Served with provolone cheese, mayo, lettuce, tomatoes and onions', 5, 'Tuna', 86),
(160, 'tunaLG', 7.25, 6.25, 'Served with provolone cheese, mayo, lettuce, tomatoes and onions', 5, 'Tuna', 86),
(161, 'sohSpecialSM', 6.95, 6.95, 'Ham, turkey, roast beef, bacon', 5, 'Slice of Heaven Special', 87),
(162, 'sohSpecialLG', 7.95, 6.95, 'Ham, turkey, roast beef, bacon', 5, 'Slice of Heaven Special', 87),
(163, 'grilledChickenSM', 6.95, 6.95, 'Served with provolone cheese, mayo, lettuce, tomatoes and onions', 5, 'Grilled Chicken', 88),
(164, 'grilledChickenLG', 7.95, 6.95, 'Served with provolone cheese, mayo, lettuce, tomatoes and roonions', 5, 'Grilled Chicken', 88),
(165, 'chickenCutletSM', 6.25, 6.25, 'Served with provolone cheese, mayo, lettuce, tomatoes and onions', 5, 'Chicken Cutlet', 89),
(166, 'chickenCutletLG', 7.25, 6.25, 'Served with provolone cheese, mayo, lettuce, tomatoes and onions', 5, 'Chicken Cutlet', 89),
(167, 'BLTSubSM', 6.25, 6.25, 'Bacon, lettuce, tomato and mayo', 5, 'BLT', 90),
(168, 'BLTSubLG', 7.25, 6.25, 'Bacon, lettuce, tomato and mayo', 5, 'BLT', 90),
(169, 'hamburgerSubSM', 6, 6, 'Lettuce, tomatoes, onions, mayo, ketchup and pickles', 5, 'Hamburger', 91),
(170, 'hamburgerSubLG', 7.25, 6, 'Lettuce, tomatoes, onions, mayo, ketchup and pickles', 5, 'Hamburger', 91),
(171, 'cheeseBurgerSubSM', 6.25, 6.25, 'Lettuce, tomatoes, onions, mayo, ketchup and pickles', 5, 'Cheeseburger', 92),
(172, 'cheeseBurgerSubLG', 7.25, 6.25, 'Lettuce, tomatoes, onions, mayo, ketchup and pickles', 5, 'Cheeseburger', 92),
(173, 'cajunGrilledChickenSM', 6.95, 6.95, 'Sauteed onions, tomatoes and hot peppers', 5, 'Cajun Grilled Chicken', 93),
(174, 'cajunGrilledChickenLG', 7.25, 6.95, 'Sauteed onions, tomatoes and hot peppers', 5, 'Cajun Grilled Chicken', 93),
(175, 'steakAndAmericanSM', 6.95, 6.95, '', 7, 'Steak And American Cheese', 94),
(176, 'steakAndAmericanLG', 7.25, 6.95, '', 7, 'Steak And American Cheese', 94),
(177, 'steakEggAndCheeseSM', 7, 7, '', 7, 'Steak Egg And Cheese', 95),
(178, 'steakEggAndCheeseLG', 8.25, 7, '', 7, 'Steak Egg And Cheese', 95),
(179, 'pastramiSubSM', 6.95, 6.95, 'Mustard and American Cheese', 7, 'Pastrami', 96),
(180, 'pastramiSubLG', 7.25, 6.95, 'Mustard and American Cheese', 7, 'Pastrami', 96),
(181, 'steakRamiSM', 7, 7, 'You got the best of two favorites; steak, pastrami joined with American cheese... Yummy!', 7, 'Steak Rami', 97),
(182, 'steakRamiLG', 8.25, 7, 'You got the best of two favorites; steak, pastrami joined with American cheese... Yummy!', 7, 'Steak Rami', 97),
(183, 'meatballSubSM', 6.25, 6.25, '', 6, 'Meatball', 98),
(184, 'meatballSubLG', 7.25, 6.25, '', 6, 'Meatball', 98),
(185, 'eggplantSubSM', 6.25, 6.25, '', 6, 'Eggplant', 99),
(186, 'eggplantSubLG', 7.25, 6.25, '', 6, 'Eggplant', 99),
(187, 'chickenParmSubSM', 6.25, 6.25, '', 6, 'Chicken Parm', 100),
(188, 'chickenParmSubLG', 7.25, 6.25, '', 6, 'Chicken Parm', 100),
(189, 'sausageSubSM', 6.25, 6.25, '', 6, 'Sausage', 101),
(190, 'sausageSubLG', 7.25, 6.25, '', 6, 'Sausage', 101),
(191, 'vealSubSM', 6.25, 6.25, '', 6, 'Veal', 102),
(192, 'vealSubLG', 7.25, 6.25, '', 6, 'Veal', 102),
(193, 'meatballAndSausageSubSM', 7, 7, '', 6, 'Meatball And Sausage', 103),
(194, 'meatballAndSausageSubLG', 8.25, 7, '', 6, 'Meatball And Sausage', 103),
(195, 'spinachPie', 7.95, 6.95, 'Served with side Greek Salad', 18, 'Spinach Pie', 104),
(196, 'threeMacNCheese', 4, 4, '', 9, 'Three Mac and Cheese Balls', 105),
(197, 'threeChickenFingers', 4, 4, 'With Fries or Onion Rings', 9, 'Three Chicken Fingers', 106),
(198, 'threeMozzarellaSticks', 4, 4, ' With Fries or Onion Rings', 9, 'Three Mozzarella Sticks', 107),
(199, 'KidsPasta', 3, 3, '', 9, 'Pasta with Butter or Marinara Sauce', 108),
(200, 'KidsPastaWithMeatballs', 4, 4, '', 9, 'Pasta with Meatballs', 109),
(201, 'homemadeRedSauce', 7, 7, '', 10, 'Homemade Red Sauce', 110),
(202, 'alfredoSauce', 7, 7, '', 10, 'Alfredo Sauce', 111),
(203, 'peppersOrMushroomsPasta', 7.5, 5.5, '', 10, 'Peppers Or Mushrooms', 112),
(204, 'eggplantPasta', 8.5, 8.5, '', 10, 'Eggplant', 113),
(205, 'sausagePasta', 8.5, 8.5, '', 10, 'Sausage', 114),
(206, 'meatballsPasta', 8.5, 8.5, '', 10, 'Meatballs', 115),
(207, 'vealPatty', 8.5, 8.5, '', 10, 'Veal Patty', 116),
(208, 'breadedChickenPasta', 8.5, 8.5, '', 10, 'Breaded Chicken', 117),
(209, 'grilledOrShrimpBrocPasta', 9.5, 7.5, '', 10, 'Grilled Chicken or Shrimp Broccoli Alfredo', 118),
(210, 'grilledOrShrimpSpinPasta', 9.5, 7.5, '', 10, 'Grilled Chicken or Shrimp Spinach Alfredo', 119),
(211, 'cajunGrilledChickenPasta', 9.5, 7.5, '', 10, 'Cajun Grilled Chicken', 120),
(212, 'grilledVeggieAlfredo', 9.5, 7.5, 'Also Available in Red Sauce', 10, 'Grilled Veggie Alfredo', 121),
(213, 'grilledChickenStirFry', 9.5, 7.5, 'Also Available in Red Sauce', 10, 'Grilled Chicken Stir Fry', 122),
(214, 'cajunShrimpJambalayaPasta', 10.5, 10.5, 'May add chicken for $1.50. Served with our homemade cajun jambalya sauce, onions and green peppers.', 10, 'Cajun Shrimp Jambalaya Pasta', 123),
(215, 'shrimpAlfredoPasta', 9, 4, 'May add chicken for $1.50', 10, 'Shrimp Alfredo', 124),
(216, 'meatballAndSausagePasta', 9.5, 7.5, '', 10, 'Meatball And Sausage', 125),
(217, 'homemadeLasagna', 9, 4, '', 10, 'Homemade Lasagna', 126),
(218, 'fourPiecePasta', 9.75, 5.25, '', 10, '4 piece Fried Chicken With Pasta', 127),
(219, 'fishNChips', 9.75, 5.25, 'Fresh fried or baked haddock Fridays only', 11, 'Fish n'' Chips', 128),
(220, 'scallopDinner', 11.5, 7.5, '', 11, 'Scallop Dinner', 129),
(221, 'shrimpDinner', 10, 5.5, '', 11, 'Shrimp Dinner', 130),
(222, 'clamStripDinner', 10, 5.5, '', 11, 'Clam Strip Dinner', 131),
(223, 'seafoodPlatter', 17, 17, ' Scallops, shrimp and clam strips', 11, 'Seafood Platter', 132),
(224, 'seafoodExplosion', 24, 24, 'Fridays only! Served with fish, scallops, shrimp and clam strips', 11, 'Seafood Explosion', 133),
(225, 'hamburgerAndFries', 6, 4.5, 'Lettuce, tomato, mayo and ketchup', 12, 'Hamburger And Fries', 134),
(226, 'cheeseburgerAndFries', 6.5, 6.5, 'Lettuce, tomato, mayo and ketchup', 12, 'Cheeseburger And Fries', 135),
(227, 'chiliCheeseburger', 7.5, 7.5, '', 12, 'Chili Cheeseburger', 136),
(228, 'cajunBurger', 8, 8, 'Grilled onions, banana peppers, tomato, cajun seasonings', 12, 'Cajun Burger', 137),
(229, 'bigBlue', 8, 8, 'Cheeseburger topped with blue cheese and onion rings ', 12, 'Big Blue', 138),
(230, 'BBQBaconCheeseburger', 8, 8, '', 12, 'BBQ Bacon Cheeseburger', 139),
(231, 'tyronesBigBurger', 8, 8, 'Cheeseburger topped off with ham, bacon and fried egg', 12, 'Tyrone''s Big Burger', 140),
(232, 'doubleStacker', 8, 8, '2 hamburger patties, American cheese, mayo, ketchup, bacon, lettuce, tomato', 12, 'Double Stacker', 141),
(233, 'rodeoBurger', 8, 8, 'Cheeseburger topped with BBQ sauce, onion rings and bacon', 12, 'Rodeo Burger', 142),
(234, 'tacoBurger', 8, 8, 'Cheeseburger topped with taco spices, salsa, sour cream, lettuce, tomato', 12, 'Taco Burger', 143),
(235, 'sautMushAndOnionChed', 8, 8, '', 12, 'Sauteed Mushroom & Onions Cheddar Sauce Burger', 144),
(236, 'crabcakeBurger', 8, 8, 'Topped with coleslaw', 12, 'Crabcake Burger', 145),
(237, 'chickenBurger', 8, 8, 'Grilled chicken, bacon, ranch, lettuce, tomato', 12, 'Chicken Burger', 146),
(238, 'chickenFingersFive', 7.5, 7.5, '5 for 7.50 or 10 for 14.00', 12, 'Chicken Fingers With Fries', 147),
(239, 'chickenFingersTen', 14, 7.5, '5 for 7.50 or 10 for 14.00', 12, 'Chicken Fingers With Fries', 148),
(240, 'buffaloFingersFive', 8, 8, '5 for 8.00 or 10 for 15.00', 12, 'Buffalo Fingers With Fries', 149),
(241, 'buffaloFingersTen', 15, 8, '5 for 8.00 or 10 for 15.00', 12, 'Buffalo Fingers With Fries', 150),
(242, 'fourPiece', 8.5, 8.5, '', 12, '4 pc Fried Chicken with Coleslaw and Fries', 151),
(243, 'wendysSpecial', 7.5, 7.5, 'Chicken cutlet, eggplant, grilled green peppers, sauce, mozzarella and cheddar cheese baked. Not served with french fries.', 12, 'Wendy''s Special', 152),
(244, 'friesSM', 3.5, 3.5, '', 13, 'Hand Cut or Curly or Sweet Potato Fries', 153),
(245, 'friesLG', 4.5, 3.5, '', 13, 'Hand Cut or Curly or Sweet Potato Fries', 153),
(246, 'onionRingsSM', 4, 4, '', 13, 'Onion Rings', 154),
(247, 'onionRingsLG', 5, 4, '', 13, 'Onion Rings', 154),
(248, 'cheesyFriesSM', 4.5, 4.5, '', 13, 'Cheesy Fries', 155),
(249, 'cheesyFriesLG', 6, 4.5, '', 13, 'Cheesy Fries', 155),
(250, 'cheesyBaconFriesSM', 5.5, 5.5, '', 13, 'Cheesy Bacon Fries', 156),
(251, 'cheesyBaconFriesLG', 7.5, 5.5, '', 13, 'Cheesy Bacon Fries', 156),
(252, 'chiliCheeseFriesSM', 5.5, 5.5, '', 13, 'Chili Cheese Fries', 157),
(253, 'chiliCheeseFriesLG', 7.5, 5.5, '', 13, 'Chili Cheese Fries', 157),
(254, 'cheesyBroccoliFriesSM', 5.5, 5.5, '', 13, 'Cheesy Broccoli Fries', 158),
(255, 'cheesyBroccoliFriesLG', 7.5, 5.5, '', 13, 'Cheesy Broccoli Fries', 158),
(256, 'colossalFries', 9.5, 9.5, 'The name says it all. Hand cut fries with chili, bacon, nacho cheese, jalapenos, diced onions, mozzarella and cheddar cheese sprinkled on top', 13, 'Colossal Fries', 159),
(257, 'cheeseAndBaconPotatoSM', 5, 5, 'Three pieces', 13, 'Cheese And Bacon Potato Skins', 160),
(258, 'cheeseAndBaconPotatoLG', 9, 5, 'Six pieces', 13, 'Cheese And Bacon Potato Skins', 160),
(259, 'cheeseAndBroccoliPotatoSM', 5, 5, 'Three pieces', 13, 'Cheese And Broccoli Potato Skins', 161),
(260, 'cheeseAndBroccoliPotatoLG', 9, 5, 'Six pieces', 13, 'Cheese And Broccoli Potato Skins', 161),
(261, 'cheeseAndChiliPotatoSM', 5, 5, 'Three pieces', 13, 'Cheese And Chili Potato Skins', 162),
(262, 'cheeseAndChiliPotatoLG', 9, 5, 'Six pieces', 13, 'Cheese And Chili Potato Skins', 162),
(263, 'macAndCheeseBallsSM', 6, 6, 'Five pieces', 13, 'Mac and Cheese Balls', 163),
(264, 'macAndCheeseBallsLG', 11, 6, 'Ten pieces', 13, 'Mac and Cheese Balls', 163),
(265, 'quesadillaSM', 7.5, 7.5, 'Additonal toppings 50cents each: tomato, onions, peppers, jalapenos or bacon. Salsa and sour cream upon request.', 13, 'Quesadilla(Chicken or Steak)', 164),
(266, 'quesadillaLG', 14, 7.5, '', 13, 'Quesadilla(Chicken or Steak)', 164),
(267, 'buffaloChickenQuesadillaSM', 8, 8, '', 13, 'Buffalo Chicken Quesadilla', 165),
(268, 'buffaloChickenQuesadillaLG', 14.5, 8, '', 13, 'Buffalo Chicken Quesadilla', 165),
(269, 'chickenFingersAppSM', 6.5, 6.5, 'Five or ten pieces', 13, 'Chicken Fingers', 166),
(270, 'chickenFingersAppLG', 12, 6.5, 'Five or ten pieces', 13, 'Chicken Fingers', 166),
(271, 'buffaloChickenFingersSM', 7, 7, 'Five or ten pieces', 13, 'Buffalo Chicken Fingers', 167),
(272, 'buffaloChickenFingersLG', 13, 7, 'Five or ten pieces', 13, 'Buffalo Chicken Fingers', 167),
(273, 'wingDingsSM', 8, 8, 'Ten or twenty pieces battered and fried', 13, 'Wing Dings', 168),
(274, 'wingDingsLG', 15, 8, 'Ten or twenty pieces battered and fried', 13, 'Wing Dings', 168),
(275, 'chickenWingsSM', 8, 8, '10 or 20 pieces. All wings are marinated and cooked in our blend of cajun spices and then tossed in the sauce of your choice. Plain, BBQ, Honey BBQ, Jack Daniels BBQ, Chipotle BBQ, Honey Mustard, Teriyaki, Garlic Parmesan, Sweet Chili, Gold Fever, Buffalo, Fire, Sudden Death, General Tso', 13, 'Chicken Wings', 169),
(276, 'chickenWingsLG', 15, 8, '10 or 20 pieces. All wings are marinated and cooked in our blend of cajun spices and then tossed in the sauce of your choice. Plain, BBQ, Honey BBQ, Jack Daniels BBQ, Chipotle BBQ, Honey Mustard, Teriyaki, Garlic Parmesan, Sweet Chili, Gold Fever, Buffalo, Fire, Sudden Death, General Tso', 13, 'Chicken Wings', 169),
(277, 'bonelessWingsSM', 8, 8, 'Five or ten pieces', 13, 'Boneless Wings', 170),
(278, 'bonelessWingsLG', 15, 8, 'Five or ten pieces', 13, 'Boneless Wings', 170),
(279, 'broccoliBitesSM', 5, 5, 'Six or twelve pieces', 13, 'Broccoli Bites', 171),
(280, 'broccoliBitesLG', 9, 5, 'Six or twelve pieces', 13, 'Broccoli Bites', 171),
(281, 'mozzarellaSticksSM', 5.5, 5.5, 'Six or twelve pieces', 13, 'Mozzarella Sticks', 172),
(282, 'mozzarellaSticksLG', 10, 5.5, 'Six or twelve pieces', 13, 'Mozzarella Sticks', 172),
(283, 'sauzzarellaSticksSM', 6.5, 6.5, 'Six or twelve pieces. Mozzarella sticks tossed in your choice of wing sauce. Served with blue cheese.', 13, 'Sauzzarella Sticks', 173),
(284, 'sauzzarellaSticksLG', 11.5, 6.5, 'Six or twelve pieces. Mozzarella sticks tossed in your choice of wing sauce. Served with blue cheese.', 13, 'Sauzzarella Sticks', 173),
(285, 'jalapenoPeppersSM', 6, 6, 'Six or twelve pieces', 13, 'Jalapeno Peppers', 174),
(286, 'jalapenoPeppersLG', 11, 6, 'Six or twelve pieces', 13, 'Jalapeno Peppers', 174),
(287, 'buffaloJalapenoPeppersSM', 6.5, 6.5, 'Six or twelve pieces. Served with blue cheese.', 13, 'Buffalo Jalapeno Peppers', 175),
(288, 'buffaloJalapenoPeppersLG', 12, 6.5, 'Six or twelve pieces. Served with blue cheese.', 13, 'Buffalo Jalapeno Peppers', 175),
(289, 'loafOfGarlic', 1.5, 1.5, '', 13, 'Loaf of Garlic Bread', 176),
(290, 'loafOfCheesyGarlic', 2.5, 2.5, '', 13, 'Loaf of Cheesy Garlic Bread', 177),
(291, 'cheesyGarlicSticks', 7, 7, 'With marinara', 13, 'Cheesy Garlic Bread Sticks', 178),
(292, 'cheesyGarlicBaconSticks', 8, 8, 'With marinara', 13, 'Cheesy Garlic Bacon Bread Sticks', 179),
(293, 'falafelWithHummusSM', 5.5, 5.5, 'Six or twelve pieces', 13, 'Falafel With Hummus', 181),
(294, 'falafelWithHummusLG', 10, 5.5, 'Six or twelve pieces', 13, 'Falafel With Hummus', 181),
(295, 'steakAndCheeseEggrollsSM', 6, 6, 'Four or eight pieces. Served with our sweet jack whiskey dipping sauce.', 13, 'Steak And Cheese Eggrolls', 182),
(296, 'steakAndCheeseEggrollsLG', 11, 6, 'Four or eight pieces. Served with our sweet jack whiskey dipping sauce.', 13, 'Steak And Cheese Eggrolls', 182),
(297, 'buffaloChickenEggrollsSM', 6, 6, 'Four or eight pieces. With ranch or blue cheese.', 13, 'Buffalo Chicken Eggrolls', 183),
(298, 'buffaloChickenEggrollsLG', 11, 6, 'Four or eight pieces. With ranch or blue cheese.', 13, 'Buffalo Chicken Eggrolls', 183),
(299, 'crabcakeSM', 6, 6, 'Three or six pieces. With coleslaw and tartar.', 13, 'Crabcake', 184),
(300, 'crabcakeLG', 11, 6, 'Three or six pieces. With coleslaw and tartar.', 13, 'Crabcake', 184),
(301, 'friedPickleChipsSM', 5, 5, 'Fifteen or thirty pieces. Served with ranch.', 13, 'Fried Pickle Chips', 185),
(302, 'friedPickleChipsLG', 9, 5, 'Fifteen or thirty pieces. Served with ranch.', 13, 'Fried Pickle Chips', 185),
(303, 'fryerExplosion', 18, 18, '3 chicken fingers, 3 wing dings, 3 mozzarella sticks, 3 jalapeno peppers, served with onion rings, hand cut fries and curly fries', 13, 'Fryer Explosion', 186),
(304, 'superNachos', 9.5, 7.5, 'LG bed of nachos smothered in chili, nacho cheese, salsa, lettuce, tomato, jalapenos, olives, sour cream', 13, 'Super Nacho''s', 187),
(305, 'gardenOrCaesar', 5.5, 5.5, '', 14, 'Garden Or Caesar', 188),
(306, 'antipasto', 7, 7, 'Ham, genoa salami, cooked salami and provolone', 14, 'Antipasto', 189),
(307, 'chef', 7, 7, 'Ham, turkey and provolone cheese', 14, 'Chef', 190),
(308, 'greek', 7, 7, 'Feta and black olives', 14, 'Greek', 191),
(309, 'tunaSalad', 7, 7, '', 14, 'Tuna', 192),
(310, 'grilledChickenCaesarSalad', 7.5, 5.5, '', 14, 'Grilled Chicken Caesar', 193),
(311, 'crispyChickenCaesarSalad', 7.5, 5.5, '', 14, 'Crispy Chicken Caesar', 194),
(312, 'crispyChickenSalad', 7.5, 5.5, '', 14, 'Crispy Chicken', 195),
(313, 'buffaloChickenSalad', 7.5, 5.5, 'Crispy or grilled', 14, 'Buffalo Chicken', 196),
(314, 'grilledChickenSalad', 7.5, 5.5, '', 14, 'Grilled Chicken', 197),
(315, 'tacoSalad', 7.5, 5.5, 'Taco meat, diced tomatoes, lettuce, black olives, mozzarella and cheddar served with salsa, sour cream , nacho chips', 14, 'Taco Salad', 198),
(316, 'partyPizza', 25, 25, 'Extra Toppings or Extra Cheese 5.00', 15, 'Party Size Pizza', 198),
(317, 'gardenPartySM', 19.95, 19.95, '', 15, 'Garden Party Salad', 199),
(318, 'gardenPartyLG', 32.95, 19.95, '', 15, 'Garden Party Salad', 199),
(319, 'antipastoPartySM', 25.95, 25.95, '', 15, 'Antipasto Party Salad', 200),
(320, 'antipastoPartyLG', 43.95, 25.95, '', 15, 'Antipasto Party Salad', 200),
(321, 'chefPartySM', 25.95, 25.95, '', 15, 'Chef Party Salad', 201),
(322, 'chefPartyLG', 43.95, 25.95, '', 15, 'Chef Party Salad', 201),
(323, 'greekPartySM', 25.95, 25.95, '', 15, 'Greek Party Salad', 202),
(324, 'greekPartyLG', 43.95, 25.95, '', 15, 'Greek Party Salad', 202),
(325, 'baklava', 2.5, 2.5, '', 16, 'Baklava', 203),
(326, 'cheeseCake', 3.5, 3.5, '', 16, 'Cheese Cake', 204),
(327, 'tiramisuCake', 3.5, 3.5, '', 16, 'Tiramisu Cake', 205),
(328, 'chocolateCake', 3.5, 3.5, '', 16, 'Chocolate Cake', 206),
(329, 'oreoCake', 3.5, 3.5, '', 16, 'Oreo Cake', 207),
(330, 'keyLimeCake', 3.5, 3.5, '', 16, 'Key Lime Cake', 208),
(331, 'twentyOZ', 1.75, 1.75, 'Pepsi, Diet Pepsi, Orange, Root Beer, Mountain Dew', 17, '20oz Sodas', 209),
(332, 'twoLiter', 45, 45, 'Pepsi, Diet Pepsi, Orange, Root Beer, Mountain Dew', 17, '2 Liters', 210),
(333, 'specialOne', 16.99, 16.99, '2 Large Cheese Pizzas', 18, 'Special #1', 211),
(334, 'specialTwo', 12.99, 12.99, '2 Small 1-Topping Pizzas', 18, 'Special #2', 212),
(335, 'specialThree', 0, 0, 'Buy Any 5 Pizzas & Get 1 FREE', 18, 'Special #3', 213),
(336, 'specialFour', 14.99, 14.99, 'Large Cheese Pizza & 10 Wings', 18, 'Special #4', 214),
(337, 'specialFive', 22.99, 22.99, 'Large 1-topping Pizza, 10 Wings and a Salad (Garden or Caesar)', 18, 'Special #5', 215);

-- --------------------------------------------------------

--
-- Table structure for table `orderingredients`
--

CREATE TABLE IF NOT EXISTS `orderingredients` (
  `orderItemID` int(5) NOT NULL,
  `ingID` int(5) NOT NULL,
  `includeFlag` tinyint(1) NOT NULL
) ENGINE=InnoDB DEFAULT CHARSET=latin1;

-- --------------------------------------------------------

--
-- Table structure for table `orderitems`
--

CREATE TABLE IF NOT EXISTS `orderitems` (
  `orderItemID` int(5) NOT NULL,
  `itemID` int(5) NOT NULL,
  `orderID` int(10) NOT NULL
) ENGINE=InnoDB DEFAULT CHARSET=latin1;

-- --------------------------------------------------------

--
-- Table structure for table `orders`
--

CREATE TABLE IF NOT EXISTS `orders` (
  `orderID` int(10) NOT NULL,
  `custID` int(5) NOT NULL,
  `orderFlag` tinyint(1) NOT NULL,
  `orderTime` datetime NOT NULL,
  `orderTotal` double NOT NULL,
  `orderRecipt` text NOT NULL
) ENGINE=InnoDB DEFAULT CHARSET=latin1;

--
-- Dumping data for table `orders`
--

INSERT INTO `orders` (`orderID`, `custID`, `orderFlag`, `orderTime`, `orderTotal`, `orderRecipt`) VALUES
(1, 1, 0, '2017-09-06 00:00:00', 45.56, '');

--
-- Indexes for dumped tables
--

--
-- Indexes for table `customers`
--
ALTER TABLE `customers`
  ADD PRIMARY KEY (`custID`);

--
-- AUTO_INCREMENT for dumped tables
--

--
-- AUTO_INCREMENT for table `customers`
--
ALTER TABLE `customers`
  MODIFY `custID` int(5) NOT NULL AUTO_INCREMENT,AUTO_INCREMENT=5;
/*!40101 SET CHARACTER_SET_CLIENT=@OLD_CHARACTER_SET_CLIENT */;
/*!40101 SET CHARACTER_SET_RESULTS=@OLD_CHARACTER_SET_RESULTS */;
/*!40101 SET COLLATION_CONNECTION=@OLD_COLLATION_CONNECTION */;
